full_sq,life_sq,material,num_room
52,30,1,2
36,19,1,1
56,30,4,2
74,40,1,3
42,19,1,2
32,18,1,1
40,38,1,1
78,55,2,3
52,48,5,2
38,19,1,1
54,32,1,2
51,29,1,2
44,28,1,2
51,30,1,2
38,19,1,1
55,37,1,3
45,19,1,1
29,16,2,1
64,38,1,3
57,41,2,3
48,31,5,2
94,94,1,3
46,29,2,2
44,26,2,2
32,19,1,1
52,30,5,2
71,41,2,2
62,45,1,3
62,45,1,3
49,28,2,2
72,39,6,2
40,20,1,1
33,17,2,1
41,26,2,2
37,37,1,1
78,43,1,3
55,31,1,1
32,17,1,1
45,27,1,2
40,38,1,1
41,25,2,2
43,28,1,2
142,142,4,3
61,61,4,2
38,19,1,1
38,22,5,2
30,16,2,1
60,42,1,3
37,19,1,1
43,27,2,2
59,44,1,3
46,30,1,2
42,19,1,1
52,30,1,2
41,21,1,1
36,19,1,1
63,33,1,2
34,34,1,1
34,20,1,1
38,20,1,1
46,44,1,1
53,35,1,2
46,46,1,1
63,63,1,2
57,31,1,2
60,44,1,3
38,19,1,1
36,18,6,1
34,19,5,1
45,28,5,2
29,18,2,1
51,30,1,2
30,17,2,1
92,48,6,2
64,64,1,2
34,18,5,1
108,57,4,3
43,27,2,2
38,19,1,1
43,28,2,2
45,27,1,2
37,37,1,1
48,31,1,2
37,19,5,1
92,54,1,4
61,58,4,2
53,28,5,2
74,47,2,3
93,77,4,1
37,18,1,1
30,17,2,1
33,18,2,1
42,26,1,2
39,22,1,2
53,32,1,2
51,51,4,2
54,54,6,2
47,42,1,1
97,59,1,4
60,44,1,3
57,42,1,3
35,19,1,1
38,38,1,1
35,19,5,1
32,19,5,1
74,74,1,2
66,45,1,3
43,29,2,2
59,42,1,3
44,29,1,2
62,27,2,2
41,41,1,1
58,58,1,1
45,27,1,2
58,34,1,2
54,30,1,2
78,44,1,3
30,17,2,1
63,38,1,3
42,20,1,1
39,21,1,1
34,20,1,1
93,56,4,3
60,33,1,2
42,21,5,1
55,31,1,2
48,28,4,2
63,36,1,2
41,41,1,1
77,46,1,3
181,81,6,4
76,45,1,3
44,28,2,2
58,34,2,2
50,50,1,1
37,18,2,1
44,28,1,2
55,55,1,2
41,28,2,2
77,52,2,3
37,18,5,1
45,28,5,2
45,28,2,2
44,27,1,2
72,40,1,3
20,11,2,1
52,32,5,2
39,22,1,2
56,37,1,3
85,49,2,3
54,27,1,2
36,14,1,2
80,48,1,3
75,44,1,3
42,42,1,1
66,46,2,3
101,101,1,3
73,45,1,3
54,31,1,2
38,38,6,1
62,39,1,3
78,45,1,3
38,18,1,1
31,16,2,1
78,47,1,3
40,18,4,1
50,34,1,3
32,20,1,1
44,28,1,2
47,30,1,2
37,18,1,1
30,14,5,1
42,19,1,1
79,45,1,3
36,18,1,1
29,29,4,1
30,18,2,1
31,21,5,1
36,17,1,1
57,30,1,2
39,39,1,1
39,20,1,1
78,47,1,3
78,43,1,3
78,78,1,2
59,34,1,2
51,30,1,2
39,23,1,1
36,21,1,1
31,31,1,1
31,20,5,1
46,27,1,2
45,30,1,2
54,35,2,3
40,40,1,2
35,20,5,1
41,25,2,2
73,42,1,3
63,41,1,3
45,45,1,2
44,31,5,2
125,75,2,4
80,48,2,3
59,33,1,2
44,44,4,1
62,62,1,2
40,20,1,1
54,31,2,2
67,41,2,2
32,17,2,1
38,38,1,1
67,44,1,3
61,33,1,2
37,22,1,2
31,19,1,1
61,51,1,1
44,29,1,2
38,20,1,1
54,32,1,2
74,45,1,3
31,21,5,2
101,65,1,4
48,32,5,2
75,71,1,3
45,31,5,2
52,50,6,2
60,32,2,2
55,37,1,3
51,30,1,2
84,40,6,3
53,30,1,2
53,28,5,2
39,23,5,2
25,13,1,1
68,43,2,3
32,18,1,1
43,29,2,2
54,29,1,2
43,27,1,2
43,27,2,2
54,32,1,2
71,38,4,2
46,44,1,1
70,49,1,4
48,31,1,2
53,32,1,2
35,19,5,1
43,26,2,2
79,52,1,4
31,18,1,1
62,37,1,3
67,41,4,3
74,39,1,2
59,59,1,2
55,55,1,2
38,19,1,1
46,28,1,2
34,19,1,1
46,19,1,1
60,34,1,2
81,57,4,1
47,29,1,2
37,18,1,1
38,38,1,1
32,18,1,1
57,57,1,1
62,46,1,4
42,26,2,2
40,23,5,2
32,18,1,1
33,14,5,1
36,21,5,2
117,117,1,4
39,23,5,2
63,58,1,2
36,20,5,1
31,15,2,1
56,34,2,2
52,51,1,2
76,45,1,3
43,27,2,2
51,31,1,2
48,32,2,2
90,38,1,3
44,27,1,2
54,35,2,2
52,34,1,3
34,13,4,1
74,39,2,3
44,27,1,2
54,30,1,2
52,30,1,2
73,42,1,3
39,23,1,2
38,18,1,1
43,28,2,2
47,31,5,2
68,47,2,3
68,30,1,2
41,27,2,2
35,14,1,1
36,22,5,2
52,30,1,2
93,56,4,3
74,74,4,2
57,29,1,2
69,44,5,3
30,16,2,1
61,33,1,2
42,25,1,2
39,18,1,1
74,46,1,3
37,19,1,1
54,26,6,2
33,18,1,1
40,17,1,1
38,19,5,1
56,41,2,3
36,14,1,1
57,37,1,3
129,106,6,3
30,17,2,1
41,27,2,2
51,28,5,2
54,30,2,2
45,30,1,2
54,28,1,2
65,35,1,1
54,32,1,2
43,21,4,1
44,44,6,1
83,83,1,3
36,19,2,1
78,46,1,3
52,29,1,2
71,49,1,4
72,53,1,4
55,41,2,3
37,19,1,1
43,27,1,2
50,34,1,3
44,27,1,2
37,18,2,1
39,26,2,2
65,34,1,2
41,20,1,1
150,146,6,3
30,18,2,1
59,34,1,2
79,47,1,3
77,45,1,3
79,44,1,3
120,57,2,3
56,39,2,3
134,70,6,3
76,45,1,3
45,29,5,2
42,29,1,2
38,38,1,1
36,18,5,1
38,37,4,1
35,22,6,1
62,62,1,2
78,43,1,3
95,61,4,4
45,28,1,2
43,18,2,1
40,40,6,1
63,43,2,3
79,50,4,3
57,29,1,2
38,22,1,2
36,20,1,1
77,46,1,3
81,48,1,3
46,33,5,2
72,38,1,2
58,42,1,3
61,61,1,2
44,29,1,2
87,87,1,3
83,49,4,3
40,18,1,1
44,40,1,1
45,29,2,2
41,20,1,1
63,45,1,3
51,30,1,2
37,18,1,1
37,19,1,1
42,20,1,1
37,23,5,2
42,26,2,2
71,42,1,2
75,44,1,3
39,20,1,1
76,45,4,3
15,10,2,1
38,23,1,2
47,28,1,2
52,30,2,2
76,45,1,3
35,19,1,1
73,42,1,3
38,19,1,1
68,44,1,3
76,45,1,3
32,18,2,1
52,34,1,3
38,38,1,1
56,36,2,2
34,21,2,2
63,40,4,2
47,31,5,2
43,38,1,2
56,56,1,2
29,16,2,1
73,47,2,3
51,30,1,2
53,30,6,2
41,22,5,2
76,52,1,4
37,22,1,2
43,26,2,2
56,51,1,2
64,43,1,3
38,38,1,1
25,15,2,1
46,28,1,2
32,18,1,1
39,20,1,1
44,27,1,2
55,39,2,3
41,18,1,1
38,18,1,1
56,40,2,3
45,28,1,2
73,52,2,3
38,20,1,1
76,45,1,3
37,18,5,1
51,31,2,2
52,31,5,2
35,20,5,1
39,19,1,1
65,39,1,3
82,48,1,3
59,33,2,2
45,30,5,2
38,19,1,1
51,30,2,2
61,38,1,3
32,17,1,1
55,34,2,2
45,24,2,1
43,26,2,2
66,33,1,2
45,30,5,2
51,51,1,2
38,19,5,1
41,26,5,2
35,18,2,1
37,22,1,2
40,28,2,2
35,14,1,1
80,45,1,3
38,19,1,1
39,24,2,2
45,28,1,2
28,17,2,1
40,23,1,2
59,44,1,3
39,19,1,1
42,17,1,1
46,29,5,2
78,46,1,3
52,52,1,2
50,50,2,2
60,36,4,2
82,76,4,2
42,28,2,2
82,43,1,3
114,69,4,3
30,18,2,1
38,17,1,1
72,43,1,3
40,38,1,1
36,19,1,1
64,42,1,4
78,52,1,3
61,58,1,2
55,31,5,2
39,19,1,1
39,19,1,1
54,32,1,2
29,18,2,1
37,22,2,2
32,18,1,1
62,38,1,3
69,41,2,3
78,48,1,3
43,29,2,2
75,55,6,3
78,22,1,1
44,28,1,2
35,14,1,1
57,33,1,2
40,25,2,2
44,44,1,1
52,28,1,2
39,18,1,1
55,34,2,2
59,58,1,2
43,43,1,2
38,19,1,1
90,66,2,4
41,17,1,1
40,38,1,1
41,24,2,2
38,19,1,1
43,43,1,1
40,18,1,1
117,65,4,3
62,38,1,3
38,20,1,1
31,30,1,1
54,29,4,2
39,23,5,2
68,46,5,3
45,33,2,2
59,42,1,3
67,46,5,3
13,9,2,1
70,70,6,2
30,17,2,1
51,30,1,2
62,62,1,2
38,19,1,1
20,11,2,1
42,20,1,1
51,30,1,2
37,19,1,1
61,44,1,3
45,22,1,1
31,18,1,1
58,33,1,2
58,30,1,2
35,14,1,1
199,157,4,2
37,23,5,2
30,18,2,1
58,58,1,2
74,37,5,2
53,30,1,2
64,36,2,2
46,27,1,2
110,52,4,3
43,21,1,1
51,30,1,2
45,29,1,2
53,32,1,2
45,18,2,1
54,32,1,2
58,33,1,2
64,38,1,3
36,21,1,1
38,19,1,1
62,32,1,2
37,22,5,2
45,28,5,2
51,30,1,2
76,52,2,3
34,34,1,1
52,30,1,2
62,62,1,2
41,24,1,2
33,17,1,1
51,32,2,2
51,31,5,2
48,18,1,1
37,19,1,1
63,63,1,2
74,45,1,3
37,18,1,1
39,19,1,1
42,26,1,2
45,28,5,2
74,53,2,3
37,22,1,2
35,19,1,1
39,21,1,1
53,30,1,2
34,20,2,2
81,81,6,3
38,18,1,1
39,19,1,1
58,37,1,3
38,21,5,2
42,26,1,2
42,25,2,2
72,42,1,3
34,21,2,2
97,68,2,4
40,40,1,1
42,17,1,1
63,43,1,3
63,43,1,3
42,28,2,2
34,14,1,1
87,85,1,3
38,18,1,1
30,17,2,1
60,43,1,3
41,20,1,1
34,19,1,1
52,27,5,2
76,42,1,3
44,28,1,2
54,32,1,2
45,30,1,2
44,28,5,2
81,43,1,3
54,39,1,3
35,19,1,1
53,28,1,2
61,31,1,2
39,22,5,2
49,29,2,2
41,41,1,1
50,29,1,2
70,70,1,2
46,29,1,2
75,72,4,3
38,23,5,2
38,21,1,1
58,37,1,3
45,28,1,2
59,39,2,2
29,17,2,1
58,41,1,3
76,43,1,3
74,45,1,3
66,45,1,3
37,19,1,1
38,22,5,2
41,25,1,2
50,30,1,2
36,17,1,1
76,50,2,3
44,27,1,2
79,76,1,3
44,28,1,2
75,53,1,3
64,60,1,2
79,79,6,3
76,45,1,3
51,31,5,2
39,37,1,1
34,15,4,1
41,25,1,2
43,21,1,1
63,38,1,3
65,43,5,3
58,43,1,3
79,54,2,3
44,39,2,1
56,29,1,2
34,18,1,1
35,18,1,1
38,19,1,1
46,18,2,1
45,29,1,2
56,31,1,2
63,63,1,2
58,43,1,3
34,17,1,1
41,20,1,1
74,45,1,3
60,43,1,3
35,19,1,1
43,27,2,2
96,52,2,4
59,30,1,2
35,18,1,1
45,28,5,2
41,25,2,2
38,18,1,1
62,34,1,2
167,97,6,4
84,84,1,3
55,37,2,3
65,43,5,3
37,16,1,1
52,30,1,2
83,44,5,3
31,19,1,1
64,45,1,3
36,20,6,1
37,17,1,1
61,61,1,2
52,30,1,2
149,149,4,3
38,18,1,1
46,40,4,1
55,32,2,2
58,43,1,3
35,21,2,2
45,28,1,2
62,46,1,4
43,27,2,2
46,29,5,2
48,29,1,2
109,50,4,2
56,30,1,2
63,34,1,2
41,20,1,1
43,29,2,2
80,48,4,3
30,17,1,1
37,19,1,1
83,53,2,3
41,28,2,2
40,40,1,1
38,37,1,1
59,43,1,3
86,55,2,3
32,18,1,1
27,27,1,1
74,45,1,3
82,51,2,3
60,44,1,3
37,19,1,1
55,32,1,2
43,28,2,2
73,42,1,2
39,21,1,1
42,18,1,1
39,19,1,1
60,32,1,2
47,30,1,2
36,18,5,1
107,32,2,3
52,30,1,2
36,20,1,1
44,28,1,2
38,19,1,1
59,44,1,3
82,48,1,3
124,124,2,2
38,22,5,2
63,33,1,2
36,21,2,2
31,19,2,1
45,29,1,2
44,27,1,2
38,20,1,1
60,34,1,2
54,36,1,3
38,19,1,1
37,18,1,1
69,45,2,3
56,34,2,2
39,20,1,1
38,20,4,1
64,44,5,3
58,41,5,3
63,58,1,2
37,19,5,1
38,19,1,1
37,19,1,1
57,29,1,2
43,43,4,1
31,21,5,1
77,72,1,2
67,39,2,3
31,18,2,1
38,19,1,1
64,41,1,3
53,35,2,3
39,38,6,1
49,28,2,2
65,65,1,2
91,89,1,3
38,38,1,1
44,27,1,2
45,18,4,1
32,19,1,1
35,20,5,1
47,30,1,2
38,38,1,1
38,19,1,1
27,16,1,1
52,28,1,2
37,18,1,1
51,34,1,3
37,18,5,1
52,30,1,2
64,46,1,3
45,28,1,2
43,27,1,2
44,17,6,1
58,34,4,2
55,28,5,2
43,28,2,2
30,17,1,1
86,86,1,2
42,20,4,1
64,46,1,4
38,18,4,1
31,19,2,1
30,18,2,1
71,41,4,3
44,28,5,2
42,25,1,3
38,19,5,1
44,27,1,2
58,34,4,2
31,17,1,1
57,29,1,2
59,44,1,3
52,29,5,2
37,19,5,1
39,26,2,2
77,53,2,3
30,17,2,1
43,24,1,2
46,46,1,1
41,27,5,2
64,30,1,2
51,30,1,2
32,16,4,1
72,49,2,3
57,33,1,2
63,35,6,2
45,30,1,2
35,18,2,1
43,38,1,1
64,38,1,3
55,26,6,1
56,29,1,2
67,46,2,3
64,64,1,2
46,29,1,2
49,24,2,2
41,18,6,1
83,55,2,3
44,29,2,2
90,52,2,3
51,30,1,2
62,38,1,3
30,18,2,1
35,14,1,1
62,59,2,2
55,30,1,2
36,20,5,1
118,74,4,4
56,38,1,3
44,28,5,2
44,28,1,2
45,19,6,1
45,28,1,2
56,40,2,3
77,77,1,3
57,31,5,2
47,27,2,2
43,27,2,2
52,30,1,2
42,26,5,2
35,20,1,1
38,22,5,2
64,40,1,3
32,20,1,1
45,29,5,2
37,22,5,2
98,60,1,4
40,40,1,1
65,64,6,3
56,31,2,2
36,17,1,1
42,26,2,2
45,29,1,2
40,40,1,1
73,43,1,3
33,33,1,1
27,27,4,1
54,28,5,2
76,41,4,2
42,21,4,1
36,22,1,2
38,19,1,1
59,44,1,2
62,38,1,3
43,27,1,2
54,32,1,2
79,44,1,3
59,44,1,3
50,34,1,3
61,61,1,2
74,74,1,2
39,23,5,2
38,19,5,1
55,28,1,2
51,30,1,2
48,42,1,1
45,28,5,2
63,63,1,2
29,14,5,1
78,78,1,3
38,18,1,1
64,30,1,1
58,42,2,3
37,37,1,1
73,73,6,2
78,43,1,3
96,96,1,4
36,17,1,1
74,46,1,3
44,29,1,2
59,36,1,2
75,45,1,3
53,30,1,2
52,30,1,2
74,44,4,3
37,19,1,1
79,79,1,3
56,40,6,2
46,31,5,2
85,48,2,3
33,18,1,1
37,19,1,1
33,17,2,1
64,39,1,3
80,48,2,3
60,60,1,2
31,18,2,1
77,48,4,3
44,30,2,2
53,30,1,2
42,27,2,2
54,30,1,2
43,27,2,2
47,28,2,2
52,30,1,2
35,20,1,1
41,20,1,1
39,17,1,1
72,43,1,3
75,44,1,3
45,17,6,1
49,32,5,2
35,19,5,1
38,19,1,1
39,21,1,1
62,35,1,2
109,68,4,3
38,19,1,1
37,19,1,1
35,19,2,1
79,51,1,3
58,43,1,3
32,19,1,1
81,43,1,3
80,39,4,2
90,38,2,3
36,19,1,1
37,18,1,1
44,28,1,2
38,19,1,1
45,31,1,2
39,35,1,1
57,41,2,3
54,32,1,2
54,54,1,1
59,42,1,3
55,37,2,3
63,62,1,3
37,19,5,1
45,28,2,2
33,20,5,1
36,22,1,2
32,19,1,1
86,49,1,3
59,45,1,3
40,14,6,1
64,44,1,3
53,32,1,2
58,42,1,3
45,23,1,2
38,17,1,1
32,20,1,1
51,34,1,3
39,20,1,1
34,19,1,1
65,39,1,3
31,19,1,1
38,19,5,1
29,27,1,1
40,25,1,2
38,19,1,1
58,55,1,2
53,32,1,2
73,44,1,3
37,21,5,2
83,43,1,3
42,27,2,2
51,30,1,2
64,41,2,2
65,35,1,3
32,19,5,1
40,40,1,1
39,18,1,1
72,36,4,2
58,38,1,3
31,18,2,1
58,30,1,2
50,34,1,2
29,27,6,1
57,42,2,3
71,34,6,2
45,28,5,2
74,45,1,3
57,35,2,2
57,42,1,3
37,37,1,1
53,30,1,2
58,30,1,2
32,18,1,1
38,19,1,1
29,18,2,1
98,63,1,4
29,18,2,1
40,20,1,1
45,28,1,2
60,60,1,2
53,52,4,2
72,43,4,3
51,28,1,2
37,19,2,1
32,18,1,1
49,31,1,2
35,19,1,1
53,29,2,2
37,19,1,1
35,19,5,1
43,17,1,1
57,16,2,2
62,31,1,2
41,28,2,2
52,30,1,2
51,30,1,2
61,56,6,2
44,30,1,2
40,17,1,1
58,32,1,2
61,61,4,2
54,32,1,2
39,20,1,1
52,31,5,2
38,19,1,1
44,44,1,1
78,43,1,3
44,28,5,2
56,29,1,2
29,29,2,1
37,19,1,1
60,37,1,3
41,26,1,2
59,37,2,3
39,20,4,1
30,30,4,1
32,18,1,1
52,30,1,2
37,19,1,1
53,32,1,2
44,29,2,2
54,36,2,3
42,27,1,2
42,27,1,2
58,34,1,2
52,30,1,2
27,19,6,1
38,20,1,1
86,86,4,3
72,43,1,3
17,13,2,1
71,43,1,3
56,31,1,2
58,32,1,2
36,20,2,1
31,18,2,1
70,50,2,3
59,58,1,2
31,18,2,1
33,17,1,1
63,63,1,2
65,44,1,3
64,64,4,2
15,11,2,1
29,29,4,1
47,46,1,2
68,64,5,3
38,19,1,1
52,31,1,2
84,84,1,3
20,12,2,1
84,84,4,3
41,20,1,1
35,17,1,1
44,27,1,2
42,19,1,1
87,44,6,2
47,46,2,2
56,37,1,3
37,18,1,1
35,19,5,1
32,18,1,1
46,27,1,2
36,36,4,1
55,36,2,3
62,38,1,3
35,19,1,1
44,30,5,2
43,26,2,2
82,44,1,3
75,44,1,3
51,51,2,2
45,29,2,2
45,17,1,1
61,61,1,2
29,16,2,1
60,44,1,3
53,30,1,2
53,30,1,2
44,27,2,2
44,31,5,2
32,20,1,1
28,15,2,1
76,44,1,3
57,54,6,2
57,41,2,3
62,62,1,3
41,37,1,1
45,17,1,1
32,18,1,1
61,61,1,2
44,28,1,2
76,45,1,3
88,56,2,3
37,22,1,2
73,45,1,3
31,30,4,1
32,20,5,1
79,79,1,3
42,25,5,2
28,15,2,1
54,32,1,2
61,41,6,2
54,32,1,2
34,20,2,2
74,45,1,3
109,71,2,4
35,14,1,1
43,29,2,2
43,17,4,1
52,31,1,2
52,30,1,2
101,101,1,3
104,104,1,3
38,19,1,1
47,30,1,2
36,21,1,1
39,23,5,2
38,20,1,1
72,46,1,3
51,30,5,2
32,18,1,1
58,42,1,3
58,30,1,2
37,19,1,1
58,38,1,3
48,31,1,2
38,19,1,1
77,44,1,3
62,38,1,3
63,63,1,2
56,29,4,2
91,91,4,3
47,31,5,2
38,19,1,1
73,43,1,3
74,47,2,3
51,32,1,2
43,26,2,2
60,42,1,3
59,44,1,3
32,18,1,1
79,76,1,3
32,18,1,1
35,20,1,1
35,17,2,1
38,17,1,1
45,27,1,2
62,36,1,2
35,20,1,1
34,18,1,1
34,22,2,1
81,44,1,3
43,43,1,1
35,20,5,1
38,22,5,1
34,21,5,1
42,24,1,2
51,30,1,2
44,27,1,2
29,17,2,1
32,18,1,1
45,26,1,2
104,104,5,3
54,32,1,2
104,54,2,3
59,42,1,3
82,50,1,3
45,28,1,2
41,21,1,1
38,19,5,1
33,19,1,1
89,89,1,3
37,17,1,1
53,32,1,2
38,19,1,1
38,19,1,1
52,35,2,3
52,30,1,2
75,46,1,3
44,28,1,2
82,82,1,3
59,42,1,3
44,20,2,1
78,44,1,3
31,20,5,1
43,28,2,2
31,21,5,1
78,75,1,3
61,35,2,2
46,30,5,2
94,58,6,3
54,29,6,2
41,27,2,2
62,30,6,2
37,19,5,1
51,30,1,2
56,42,2,3
63,45,1,3
44,28,1,2
79,47,1,3
59,38,1,3
34,16,2,1
54,33,2,2
42,26,1,2
42,26,5,2
61,30,4,2
44,29,2,3
78,49,2,3
55,55,1,2
45,30,5,2
44,27,1,2
15,11,2,1
70,70,4,2
73,51,2,3
42,42,1,1
60,44,1,3
63,34,1,2
101,101,1,3
78,45,1,3
63,42,1,3
121,121,2,3
44,28,1,2
44,28,1,2
31,20,1,1
58,37,1,3
30,18,1,1
95,95,4,3
34,17,1,1
98,55,6,3
49,29,1,2
40,27,2,2
39,23,5,2
64,60,1,2
51,30,1,2
38,38,1,1
44,28,5,2
64,46,1,4
44,23,1,2
51,30,1,2
50,34,1,3
38,23,5,2
38,19,5,1
38,18,1,1
36,18,1,1
68,65,1,2
80,77,1,3
37,19,1,1
33,17,1,1
67,67,2,2
60,31,1,2
90,38,2,3
54,32,4,2
43,40,4,1
30,19,1,1
44,28,1,2
33,19,1,2
45,28,5,2
38,20,1,1
36,19,1,1
32,17,1,1
51,51,6,2
31,21,1,1
61,61,1,2
30,18,2,1
76,45,1,3
32,20,1,1
65,30,4,2
59,41,1,3
61,61,1,2
61,31,1,2
42,38,1,1
31,21,1,1
52,27,2,2
33,17,5,1
56,37,1,3
75,44,1,3
62,58,1,2
23,16,2,1
47,47,1,1
32,16,1,1
40,23,1,2
68,46,1,3
63,33,1,2
39,22,5,2
34,22,2,2
56,56,1,2
37,19,1,1
76,45,1,3
74,43,1,3
48,48,1,1
63,60,1,2
76,44,1,3
39,25,2,2
76,49,2,4
44,41,1,1
45,28,1,2
42,22,4,1
75,46,1,3
70,40,4,3
35,19,5,1
34,20,1,1
30,18,2,1
57,42,4,3
79,79,6,2
32,19,2,1
77,72,1,2
44,29,1,2
38,20,1,1
53,33,5,2
79,45,1,3
57,37,1,3
47,30,1,2
54,32,1,2
39,39,1,1
42,21,1,1
48,27,2,2
55,37,1,3
39,37,4,1
53,29,1,2
59,28,2,2
43,19,2,1
38,38,4,1
31,18,2,1
32,21,5,1
80,40,6,3
37,17,1,1
45,22,2,1
43,28,5,2
40,16,1,1
84,48,1,3
60,30,1,2
79,55,2,3
92,48,1,2
63,63,1,2
40,40,1,1
52,52,1,2
62,32,1,2
37,18,5,1
32,18,1,1
33,17,1,1
37,37,1,1
82,54,2,3
33,17,2,1
78,78,1,2
45,28,2,2
68,41,2,3
55,35,2,2
102,49,2,4
49,31,5,2
38,19,1,1
46,29,1,2
76,48,1,3
74,74,1,3
39,20,1,1
56,37,1,3
58,33,1,2
39,21,1,1
85,85,1,3
26,10,1,1
41,20,1,1
38,18,1,1
72,45,1,3
52,41,2,3
68,40,2,2
38,19,5,1
58,33,1,2
44,16,1,1
51,30,1,2
31,21,5,1
37,19,1,1
39,22,2,1
40,19,1,1
49,18,1,1
61,58,1,2
43,28,2,2
41,17,1,1
65,64,6,3
60,37,1,3
34,18,1,1
51,30,1,2
39,39,1,1
94,94,1,3
77,43,1,2
29,29,2,1
65,65,1,2
46,30,1,2
67,33,1,2
43,29,2,2
55,38,2,3
32,18,1,1
45,29,1,2
54,30,1,2
38,18,4,1
53,32,1,2
60,42,5,3
46,22,6,1
43,29,1,2
60,44,1,3
22,14,2,1
66,44,1,3
76,45,1,3
110,59,4,3
52,31,1,2
80,73,2,3
52,52,6,2
40,38,4,1
43,27,1,2
58,39,1,3
32,14,5,1
66,62,1,2
34,13,1,1
83,34,6,1
42,26,2,2
63,63,1,2
43,27,2,2
107,58,1,4
30,18,2,1
165,124,6,1
41,41,1,1
67,67,1,3
46,29,1,2
80,44,1,3
88,49,1,2
79,76,1,1
53,30,1,2
52,30,1,2
82,82,1,3
79,45,1,3
40,38,1,1
56,31,1,2
38,20,1,1
103,49,2,3
46,27,1,2
34,19,1,1
44,17,1,1
44,17,1,1
38,19,1,1
59,59,1,2
66,45,5,3
47,30,1,2
63,39,1,3
31,20,1,1
38,19,1,1
38,18,1,1
160,160,2,1
78,75,1,3
132,70,1,3
38,24,2,2
124,124,1,3
58,15,1,2
63,46,5,3
39,20,1,1
31,19,5,1
48,31,1,2
35,19,1,1
58,33,1,2
48,27,2,2
39,20,1,1
61,32,1,2
75,45,1,3
31,19,2,1
68,35,4,2
58,45,1,3
51,29,2,2
38,18,1,1
67,34,2,2
73,45,2,2
56,29,4,2
38,19,1,1
75,43,1,3
72,49,2,3
65,44,5,3
32,18,1,1
77,40,1,1
80,45,6,3
65,33,4,2
45,32,2,2
32,20,5,1
38,19,1,1
63,63,1,1
39,23,5,2
45,28,1,2
37,18,1,1
50,30,1,2
39,38,1,1
38,18,1,1
30,18,2,1
51,30,1,2
105,70,2,4
62,46,1,4
53,30,1,2
37,20,4,1
71,44,1,3
77,45,1,3
62,30,2,2
50,29,1,2
59,58,1,1
90,61,2,4
104,60,6,3
37,19,1,1
37,19,1,1
32,19,1,1
53,52,1,2
36,16,1,1
32,16,1,1
78,44,1,3
41,21,1,1
42,28,1,2
58,58,1,2
55,37,1,3
39,20,1,1
58,32,1,2
86,60,2,3
56,31,1,2
52,30,1,2
63,43,5,3
63,45,1,3
44,28,2,2
87,49,1,3
45,17,6,1
35,18,5,1
38,19,1,1
30,18,2,1
49,33,1,3
40,40,1,1
80,46,1,3
63,44,1,3
44,30,5,2
79,44,1,3
63,44,1,3
45,26,1,2
54,32,1,2
50,30,1,2
65,45,5,3
58,32,1,2
52,34,1,3
64,39,1,3
41,40,5,1
45,18,6,1
102,62,6,3
76,45,1,3
33,18,1,1
36,22,5,1
34,34,1,1
51,30,1,2
32,18,1,1
59,37,1,3
100,63,1,4
43,27,2,2
74,45,1,3
37,37,1,1
44,28,5,2
150,79,4,4
59,44,1,3
32,18,1,1
54,32,1,2
49,17,6,1
28,17,2,1
85,85,4,3
52,30,1,2
72,42,1,3
31,21,5,1
75,73,1,3
42,29,2,2
40,23,1,2
54,32,1,2
55,31,6,2
41,18,1,1
38,19,1,1
29,16,5,1
32,21,5,1
74,44,1,3
59,31,4,2
47,28,4,2
45,29,1,2
32,18,1,1
32,18,1,1
83,57,4,2
78,45,1,3
53,33,1,2
37,18,1,1
81,42,1,2
45,40,2,1
37,19,1,1
81,47,1,3
103,67,2,4
46,29,1,2
63,33,1,2
53,28,1,1
70,70,2,2
43,24,2,2
50,30,1,2
54,30,1,2
40,28,2,2
59,43,1,3
34,19,1,1
47,31,1,2
46,29,1,2
60,60,1,2
54,32,1,2
32,16,1,1
30,18,2,1
77,36,2,2
58,46,1,3
34,19,1,1
51,30,1,2
70,42,2,3
48,28,1,2
44,29,5,2
35,17,2,1
37,19,6,1
54,54,1,2
58,34,1,2
76,44,1,3
41,25,1,2
55,19,2,1
82,82,1,1
62,62,6,2
31,17,2,1
72,43,1,3
67,67,1,3
64,44,5,3
75,43,1,3
54,32,1,2
45,34,1,2
45,27,1,2
42,42,1,1
44,28,1,2
45,30,5,2
38,19,1,1
44,27,1,2
42,28,2,2
49,29,1,2
31,30,5,1
48,45,4,2
83,83,1,3
53,30,1,2
58,44,1,3
42,28,1,2
40,26,2,2
40,20,1,1
96,47,4,1
46,28,1,2
41,21,1,1
79,53,5,3
43,41,2,2
65,36,2,2
81,81,1,3
41,20,1,1
35,20,1,1
75,44,1,3
30,18,5,1
32,20,5,1
55,34,2,2
37,19,1,1
64,44,1,3
37,37,1,1
78,43,1,3
49,32,2,2
38,19,5,1
76,53,2,3
105,65,1,4
49,28,1,2
32,21,5,1
15,11,2,1
138,70,4,3
64,43,1,3
44,28,1,2
82,48,1,3
73,44,1,3
39,19,1,1
44,29,1,2
39,18,1,1
53,31,1,2
43,28,2,2
77,45,1,3
30,18,2,1
39,22,1,2
65,43,1,3
38,38,1,1
42,26,1,2
61,61,1,2
86,43,6,2
102,102,1,1
81,44,1,3
44,28,1,2
38,19,5,1
28,17,2,1
33,17,1,1
34,19,5,1
79,44,6,3
35,35,1,1
44,29,2,2
59,32,2,2
32,18,1,1
32,21,1,1
56,32,6,2
41,41,4,1
51,31,2,2
43,28,2,2
61,33,1,2
38,19,1,1
32,20,1,1
59,44,5,3
44,44,2,1
68,47,2,3
101,63,1,4
38,19,1,1
31,16,1,1
51,51,1,2
81,30,2,3
43,30,2,2
131,72,4,4
40,21,1,1
42,26,1,2
70,45,5,3
52,51,1,2
33,18,2,1
63,36,1,2
42,26,2,2
80,80,1,3
43,28,2,2
63,34,1,2
102,80,6,1
37,18,1,1
38,18,1,1
37,15,6,1
82,56,2,3
45,17,1,1
37,20,2,1
45,29,1,2
37,18,1,1
56,30,1,2
54,30,1,2
53,29,4,2
38,19,5,1
50,49,1,2
64,33,1,2
63,60,1,2
32,17,2,1
51,30,1,2
41,25,2,2
92,92,4,3
44,27,2,2
45,29,2,2
55,35,2,2
38,19,1,1
100,68,2,3
54,32,1,2
35,21,2,2
63,31,4,2
46,27,1,2
81,43,1,3
34,19,1,1
36,21,1,1
53,30,2,1
46,28,1,2
38,17,4,1
58,37,2,3
46,46,4,1
73,47,2,3
44,28,1,2
36,20,1,1
38,19,1,1
36,18,1,1
56,36,1,3
43,21,1,1
55,37,5,3
72,44,1,3
24,13,1,1
64,38,1,3
41,18,1,1
84,49,1,3
32,18,1,1
36,20,1,1
40,17,1,1
38,19,1,1
65,65,1,2
43,19,2,1
46,29,1,2
14,10,2,1
39,19,2,1
42,42,1,1
48,28,1,2
41,18,4,1
52,19,4,1
77,50,1,3
40,20,1,1
42,26,2,2
32,21,5,1
55,32,1,2
57,57,1,2
32,18,1,1
58,34,1,2
42,18,1,1
37,19,5,1
44,29,1,2
43,43,1,1
115,115,2,2
74,46,1,3
37,37,1,1
38,38,1,1
29,17,5,1
64,41,2,3
32,29,1,2
48,28,1,2
34,21,1,1
66,42,2,2
45,28,1,2
127,81,2,4
75,43,1,3
38,19,1,1
46,28,2,2
38,17,1,1
80,44,4,2
80,55,6,3
34,19,2,1
29,15,1,1
61,34,1,2
83,47,1,3
38,19,1,1
58,38,1,3
33,19,1,1
37,18,1,4
34,19,1,1
45,29,1,2
51,51,6,1
53,32,1,2
31,19,1,1
39,23,1,2
41,19,6,1
39,37,6,1
41,19,6,1
55,31,1,2
32,19,2,1
53,30,1,2
61,58,1,2
54,32,1,2
83,44,1,3
57,57,1,2
79,74,1,3
72,43,1,3
33,17,5,1
42,28,2,2
38,18,1,1
52,29,2,2
1,1,1,1
76,55,6,3
78,44,6,3
31,18,2,1
73,43,2,3
33,18,2,1
38,23,1,2
43,43,1,1
31,21,5,1
35,17,1,1
52,30,1,2
54,32,1,2
62,32,4,2
43,43,4,1
35,14,1,1
84,44,1,3
73,41,5,3
44,24,5,2
46,18,1,1
60,33,1,2
78,42,1,3
35,21,5,1
29,16,2,1
34,33,1,1
43,43,1,1
45,45,1,1
60,41,1,3
43,31,2,2
54,32,1,2
38,19,1,1
30,18,2,1
44,27,1,2
38,19,1,1
55,37,1,3
57,40,2,3
40,19,2,1
59,59,1,2
65,42,5,3
1,1,4,1
44,27,1,2
55,31,2,2
53,30,1,2
57,31,2,2
54,32,1,2
45,29,1,2
45,29,5,2
67,46,1,3
35,35,4,1
30,17,1,1
41,20,1,1
39,19,1,1
32,32,4,1
69,36,1,2
65,43,1,3
39,20,1,1
47,46,4,2
61,61,1,2
34,33,2,1
54,32,1,2
46,46,1,1
46,29,5,2
37,21,1,2
31,18,2,1
62,33,1,2
42,17,1,1
61,56,4,2
56,32,1,2
39,20,1,1
35,19,5,1
60,44,1,3
53,32,1,2
54,32,1,2
76,45,1,3
41,26,2,2
41,21,1,1
80,44,4,2
30,20,2,1
81,50,2,3
60,43,1,3
39,39,1,1
39,19,1,1
51,30,1,2
51,31,5,2
119,114,6,3
61,61,1,2
27,27,6,1
42,28,2,2
42,27,5,2
58,43,1,2
31,17,2,1
57,57,1,2
43,27,1,2
42,27,1,2
76,49,2,3
67,25,4,1
35,20,5,1
39,18,1,1
32,16,1,1
74,39,4,2
58,58,1,2
66,42,1,3
37,19,1,1
50,28,2,2
64,38,2,2
38,19,1,1
39,23,5,2
34,19,1,1
45,28,1,2
31,17,1,1
31,15,2,1
27,26,6,1
97,97,4,4
42,26,1,2
43,23,2,2
38,19,1,1
41,25,2,1
31,31,1,1
76,40,6,3
63,46,1,4
51,29,1,2
37,37,1,1
50,35,1,2
55,36,1,3
37,19,1,1
52,46,1,1
34,15,1,1
78,47,1,3
57,37,1,3
34,20,5,1
75,41,4,3
29,16,2,1
37,19,1,1
44,28,1,2
48,30,1,2
33,18,1,1
68,41,1,3
49,44,1,1
34,19,2,1
37,19,1,1
38,19,1,1
39,23,1,2
45,28,1,2
47,20,5,2
60,34,4,2
39,20,1,1
44,27,1,2
56,42,2,3
36,17,1,1
54,26,6,1
39,20,1,1
57,57,1,2
37,22,5,2
65,32,6,2
60,44,1,3
76,54,2,3
53,30,1,2
32,18,2,1
43,40,1,1
99,63,1,4
59,37,2,2
127,68,6,4
115,115,4,2
74,44,1,3
77,46,1,3
32,18,4,1
59,29,1,2
63,37,1,3
34,19,5,1
46,27,2,2
57,36,1,3
69,47,1,3
56,56,1,2
42,28,2,2
47,27,1,2
54,53,1,2
81,51,1,3
53,32,1,2
47,28,1,2
38,20,1,1
58,34,1,2
39,18,1,1
77,46,1,3
33,18,5,1
84,50,1,3
59,33,1,2
34,19,1,1
40,26,2,2
59,33,1,2
44,30,2,2
59,58,1,2
52,51,1,2
52,50,6,2
53,30,1,2
74,43,1,3
48,48,6,2
42,26,5,2
79,49,2,4
52,29,1,2
64,23,2,2
31,18,2,1
69,31,1,2
45,20,4,1
38,18,1,1
66,43,1,3
63,30,4,2
64,46,1,4
47,31,5,2
42,26,1,2
80,47,1,3
52,30,1,2
41,19,1,1
51,51,1,2
35,17,2,1
69,36,6,2
45,30,1,2
29,13,1,1
60,41,1,3
29,27,1,1
43,27,1,2
32,16,1,1
52,29,1,2
75,72,1,3
59,43,1,3
30,17,1,1
80,45,4,3
30,18,2,1
50,22,4,1
106,63,1,4
38,22,5,2
57,30,1,2
44,28,2,2
61,43,1,3
53,33,2,2
30,18,2,1
109,58,1,3
50,33,1,3
37,19,1,1
56,38,1,3
60,44,1,3
51,30,1,2
58,29,4,2
61,61,1,2
36,36,1,1
32,18,1,1
45,30,1,2
78,46,1,3
45,30,1,2
35,18,2,1
50,33,1,3
42,26,2,2
39,20,1,1
38,19,1,1
41,26,1,2
149,149,4,3
39,19,1,1
45,30,1,2
38,19,1,1
92,63,1,4
35,19,5,1
37,19,1,1
32,21,5,1
42,23,1,2
74,45,1,3
38,20,1,1
53,29,6,2
78,46,1,3
40,26,2,2
62,46,1,4
42,19,1,1
32,16,1,1
56,55,1,2
37,37,1,1
57,31,2,2
54,34,2,3
50,20,6,1
47,31,5,2
21,13,2,1
32,20,5,1
54,36,2,3
37,19,1,1
97,55,1,3
32,19,1,1
37,19,1,1
43,28,2,2
26,13,2,1
50,34,1,3
38,19,1,1
46,29,5,2
58,33,1,2
44,28,2,2
50,25,2,2
30,17,1,1
77,41,2,2
34,18,2,1
41,25,2,2
40,40,1,1
38,19,1,1
42,27,1,2
49,46,1,1
43,29,2,2
50,30,1,2
51,31,1,2
32,20,1,1
39,17,1,1
38,16,2,1
63,33,1,2
38,38,1,1
31,20,2,1
74,45,1,3
60,43,1,3
41,27,2,2
15,11,2,1
41,20,1,1
37,18,1,1
63,39,1,3
71,43,1,3
48,31,1,2
74,45,1,3
41,20,6,1
59,43,1,3
50,34,1,3
51,29,1,2
150,146,4,4
45,27,5,2
35,14,1,1
44,28,1,2
84,53,2,3
60,60,1,2
53,32,1,2
80,40,4,2
32,20,5,1
53,32,5,2
38,38,1,1
51,20,6,1
46,28,1,2
39,19,4,1
108,65,1,4
84,84,1,3
60,31,4,2
56,30,1,2
63,37,2,2
71,47,1,3
59,22,2,1
62,62,2,2
89,55,1,4
58,32,1,2
74,43,1,3
53,30,2,2
76,76,1,3
45,29,1,2
22,22,1,2
34,34,1,1
55,38,2,3
63,43,1,3
38,18,1,1
31,21,5,1
76,45,1,3
49,31,1,2
35,20,5,1
36,19,1,1
33,17,2,1
52,30,1,2
89,49,4,3
84,43,1,3
49,28,1,2
38,19,5,1
121,62,4,3
53,36,2,3
51,32,2,2
51,30,1,2
46,30,5,2
18,11,2,1
38,38,1,1
70,43,2,2
38,23,5,2
64,60,1,2
58,37,2,2
42,42,1,1
37,21,1,1
42,17,1,1
32,31,1,1
74,74,1,3
37,19,5,1
36,21,1,1
45,45,4,1
35,19,1,1
44,28,1,2
41,25,1,2
64,43,1,3
43,27,1,2
39,22,1,2
50,50,6,1
44,28,1,2
40,20,1,1
58,44,1,3
43,27,2,2
51,31,1,2
50,34,1,3
37,19,1,1
45,30,1,2
73,73,1,3
45,17,1,1
44,28,1,2
63,30,4,2
81,43,1,3
25,13,2,1
57,57,1,2
37,19,1,1
78,46,1,3
37,14,1,1
32,21,5,1
63,60,1,2
32,21,5,1
58,33,1,2
37,18,2,1
40,20,1,1
38,19,5,1
37,22,6,1
43,20,1,1
60,60,1,1
26,14,1,1
80,80,1,2
39,39,2,1
57,30,1,2
35,19,1,1
59,29,1,2
44,29,1,2
38,18,5,1
56,34,2,2
38,38,1,1
67,48,5,3
165,165,4,4
53,30,1,2
48,31,1,2
44,44,1,2
51,30,1,2
45,27,1,2
88,88,1,3
63,38,1,3
45,28,2,2
60,60,4,2
46,28,1,2
40,40,4,1
59,41,1,3
43,27,1,2
38,19,1,1
62,60,1,3
70,60,1,3
81,47,1,3
50,33,5,2
43,27,2,2
29,15,1,1
29,14,1,1
46,19,1,1
60,37,2,2
37,22,5,2
33,17,5,1
68,44,5,3
35,19,5,1
66,37,2,3
31,19,1,1
38,19,1,1
64,64,1,2
33,17,2,1
59,44,1,3
73,42,2,3
57,57,1,2
47,29,1,2
73,44,1,3
65,39,1,3
86,83,1,3
34,16,1,1
55,55,1,2
44,29,2,2
53,28,1,2
43,28,1,2
35,14,1,1
74,43,1,3
49,29,1,2
32,20,5,1
45,30,1,2
43,27,2,2
53,30,1,2
42,27,2,2
61,33,1,2
31,19,2,1
50,29,2,2
56,39,2,3
55,39,5,3
65,43,5,3
48,30,5,2
85,46,1,3
34,32,1,1
52,30,1,2
37,18,2,1
32,18,1,1
60,44,1,3
92,61,2,4
75,45,1,3
76,43,1,3
37,19,1,1
39,20,1,1
58,30,4,2
38,38,1,1
38,20,1,1
72,42,1,3
58,33,1,2
34,19,1,1
51,29,1,2
43,29,2,2
45,29,1,2
43,26,2,2
60,33,1,2
51,31,5,2
39,18,1,1
154,150,5,3
35,19,5,1
86,59,2,4
46,29,1,2
31,30,2,1
59,43,1,3
59,59,1,2
58,32,1,2
37,21,5,2
43,17,4,1
51,30,1,2
66,40,1,3
37,22,5,2
62,62,4,1
62,37,2,2
85,51,1,3
48,27,1,2
65,43,2,3
36,20,5,1
54,28,1,2
51,51,1,2
74,43,1,3
50,34,1,3
57,38,5,3
46,29,1,2
89,58,2,3
48,28,1,2
68,41,2,2
76,44,1,3
38,19,2,1
36,20,1,1
38,20,1,1
48,16,1,1
1,1,1,1
58,58,1,2
44,44,1,1
33,21,5,1
38,19,1,1
52,30,1,2
56,34,2,2
56,42,2,3
39,21,1,1
43,43,2,1
73,41,1,3
77,47,4,3
72,43,1,3
53,30,1,2
42,30,2,2
53,30,1,2
36,20,1,1
115,62,4,3
40,20,1,1
38,38,1,1
65,43,2,3
39,17,1,1
81,42,2,3
48,28,1,2
59,44,5,3
32,16,1,1
79,44,1,3
36,21,1,1
58,38,1,3
79,51,2,3
38,20,1,1
34,21,2,2
43,28,2,2
84,84,1,3
37,19,1,1
42,27,2,2
38,19,5,1
63,33,1,2
54,32,1,2
44,28,5,2
62,62,1,2
64,64,1,2
59,31,1,2
39,19,1,1
68,39,1,2
43,29,2,2
44,27,2,2
39,19,1,1
76,76,1,2
44,29,2,2
35,19,5,1
44,28,1,2
34,20,1,1
55,35,1,2
73,45,1,3
59,37,1,3
68,40,5,3
51,29,1,2
32,17,5,1
32,20,1,1
56,35,2,2
75,49,2,3
32,18,1,1
55,29,1,2
42,18,1,1
61,32,4,2
56,56,1,2
74,46,4,3
43,43,1,1
44,17,1,1
39,20,1,1
58,32,1,2
42,29,2,2
17,13,2,1
44,28,1,2
41,41,1,1
44,28,1,2
38,22,5,2
34,19,5,1
41,41,1,2
38,20,1,1
34,20,1,1
90,38,6,2
87,56,2,3
45,28,1,2
40,17,1,1
42,26,1,2
40,40,1,1
40,38,1,1
39,21,1,1
58,42,1,3
52,50,6,2
38,19,1,1
31,12,4,1
75,45,1,3
46,29,2,2
86,47,1,3
73,44,1,3
57,41,2,3
87,87,1,3
53,33,4,2
38,19,1,1
31,18,2,1
45,28,1,2
72,54,2,1
53,30,1,2
44,27,1,2
84,48,1,3
56,32,1,2
72,70,1,3
52,30,1,2
46,29,1,2
46,30,1,2
52,31,1,2
38,20,1,1
101,94,2,3
69,69,1,3
44,29,1,2
75,45,1,3
103,34,4,2
54,54,4,2
37,23,1,2
61,61,1,2
83,60,6,3
52,51,1,2
40,22,2,1
44,31,2,2
97,52,2,3
37,19,1,1
38,23,1,2
105,34,4,2
48,30,1,2
66,45,1,3
50,31,5,2
78,78,6,2
100,95,6,4
33,21,5,1
42,20,1,1
49,22,5,2
43,28,2,2
76,44,1,3
59,44,1,3
63,38,1,3
45,29,1,2
50,33,1,3
53,30,1,2
104,104,1,2
79,74,1,3
58,30,1,2
32,20,1,1
38,38,1,1
78,77,1,3
45,18,4,1
84,48,1,3
28,15,2,1
38,23,1,2
58,41,1,3
91,58,1,4
37,18,1,1
81,78,1,3
30,20,5,1
45,28,1,2
37,22,2,2
59,58,1,1
51,30,1,2
38,19,1,1
52,30,1,2
52,31,1,2
85,50,2,3
38,22,5,2
47,30,5,2
38,22,1,1
64,64,2,2
46,29,1,2
35,19,1,1
39,23,5,2
45,28,1,2
44,18,1,1
27,16,1,1
32,18,1,1
43,28,2,2
38,21,5,2
40,16,2,1
39,19,1,1
53,29,4,2
59,34,1,2
72,42,1,3
98,63,1,4
41,20,1,1
79,45,1,3
48,31,5,2
36,20,5,1
32,20,1,1
36,20,1,1
59,38,1,3
47,30,1,2
74,44,1,3
44,44,1,1
63,60,1,2
60,44,1,3
38,20,1,1
76,46,1,3
41,20,1,1
53,30,1,2
76,45,1,3
44,28,2,2
43,19,1,1
99,62,1,4
71,33,4,2
73,40,1,3
50,34,1,2
64,64,1,2
38,19,1,1
38,19,1,1
54,41,2,3
35,19,5,1
38,20,6,1
53,30,1,2
153,94,6,4
32,18,1,1
59,30,1,2
87,58,1,4
66,35,2,2
44,29,1,2
73,44,1,3
79,47,1,3
47,47,2,1
52,52,1,1
51,30,1,2
42,30,2,2
50,30,1,2
39,19,1,1
79,74,4,3
160,160,2,3
61,33,1,2
57,38,1,3
44,28,1,2
38,38,4,1
56,56,1,2
32,16,1,1
38,19,1,1
36,21,1,1
39,23,5,2
97,93,1,3
44,28,5,2
65,32,6,2
91,91,6,3
44,28,5,2
38,19,1,1
53,28,1,2
61,34,2,2
38,19,1,1
50,34,1,3
71,71,6,2
77,31,1,2
35,20,1,1
30,18,2,1
59,42,1,3
64,43,5,3
60,40,2,3
55,37,5,3
46,28,1,2
33,16,2,1
60,33,1,2
105,59,1,3
38,17,1,1
91,91,2,3
38,19,1,1
43,29,2,2
37,19,1,1
46,14,1,2
52,30,5,2
32,18,1,1
38,19,1,1
73,73,1,2
44,28,1,2
75,49,2,3
35,20,5,1
30,18,2,1
31,16,2,1
39,23,5,2
30,17,1,1
53,32,1,2
43,29,1,2
37,22,5,2
75,42,1,3
81,46,1,3
51,28,1,2
40,20,1,1
52,31,1,2
43,27,1,2
33,19,2,1
47,20,1,1
43,28,2,2
36,36,1,1
30,18,2,1
45,28,5,2
41,25,2,2
38,19,1,1
45,30,5,2
40,20,1,1
44,27,1,2
37,19,1,1
37,21,2,2
43,27,1,2
77,42,1,3
63,39,1,3
60,34,1,2
31,18,2,1
112,112,4,3
64,33,1,2
53,30,1,2
141,141,4,3
32,19,2,1
38,19,1,1
73,44,1,3
49,49,1,2
52,30,1,2
48,32,1,3
37,19,1,1
31,18,2,1
45,30,1,2
57,40,1,2
53,27,5,2
76,45,1,3
14,9,2,1
42,28,2,2
41,21,1,1
32,20,5,1
75,44,1,3
49,31,4,3
41,26,1,2
36,22,5,2
39,18,6,1
42,19,1,1
57,40,2,3
33,17,4,1
51,51,1,1
48,31,5,2
38,18,1,1
88,49,1,3
64,64,1,2
38,20,1,1
102,86,1,2
74,45,1,3
53,31,1,2
58,42,1,3
100,64,1,4
45,26,5,2
55,36,5,3
77,46,1,3
38,19,5,1
83,44,1,3
34,34,1,1
31,21,5,1
45,30,1,2
60,39,2,3
44,28,5,2
54,32,1,2
75,46,1,3
66,35,4,2
74,43,1,3
75,40,6,2
37,19,5,1
37,18,1,1
48,45,6,2
47,28,1,2
59,29,2,2
34,19,1,1
30,18,2,1
45,33,1,2
41,20,6,1
102,102,1,3
38,23,5,2
31,16,2,1
38,18,2,1
38,23,1,2
75,45,1,3
38,38,1,1
56,42,2,3
23,15,1,1
32,19,1,1
38,19,1,1
60,42,1,3
160,160,1,3
76,52,2,3
49,34,1,3
39,25,2,2
79,77,1,3
64,46,1,4
43,26,1,2
33,17,1,1
45,27,1,2
31,31,4,1
72,52,2,3
52,52,1,2
52,30,1,2
47,29,2,2
42,27,1,2
53,30,1,2
63,43,1,3
44,30,5,2
40,20,6,1
38,19,1,1
34,19,1,1
61,38,1,3
42,28,2,2
35,14,1,1
38,19,1,1
38,19,1,1
38,19,1,1
38,19,1,1
45,27,1,2
47,29,4,2
66,46,5,3
53,36,1,3
37,19,1,1
44,23,2,2
87,49,1,3
59,41,1,3
74,45,1,3
36,19,2,1
51,30,1,2
102,63,1,4
49,49,4,1
56,29,1,2
37,18,5,1
65,35,2,2
31,20,2,1
97,50,1,3
57,38,1,3
36,20,1,1
58,35,2,2
56,32,1,2
38,19,1,1
42,27,1,2
59,43,1,3
75,75,1,2
41,17,1,1
81,45,1,3
70,37,4,2
36,19,1,1
49,34,1,3
45,29,1,2
45,18,6,1
47,30,1,2
75,75,1,3
53,30,1,2
90,90,6,3
71,68,1,2
67,40,2,3
57,56,1,3
51,29,4,2
78,78,1,2
72,44,1,3
61,43,1,3
41,25,2,2
73,44,1,3
44,30,1,2
112,69,4,4
75,45,1,3
45,24,2,2
55,32,1,2
42,26,1,2
53,30,1,2
87,57,2,3
34,34,5,1
79,53,2,3
40,17,4,1
53,32,1,2
56,56,2,3
90,71,2,2
52,34,1,3
51,31,1,2
54,36,5,3
45,31,5,2
53,30,1,2
38,38,2,1
51,30,1,2
64,60,1,2
65,33,1,2
72,43,1,3
73,42,6,3
113,113,1,3
65,33,1,2
67,67,6,2
44,27,1,2
53,32,1,2
44,28,1,2
30,18,2,1
53,30,1,2
76,45,1,3
41,20,1,1
42,17,1,1
103,58,2,3
42,28,2,2
45,28,1,2
51,33,1,3
80,46,1,3
40,40,4,1
42,29,1,2
40,25,2,2
52,30,1,2
40,40,1,1
64,64,4,2
57,54,1,2
46,29,5,2
39,20,1,1
44,28,2,2
66,28,6,2
64,60,1,2
85,44,1,3
32,16,1,1
61,33,2,2
38,19,1,1
35,19,5,1
75,46,1,3
68,31,1,2
61,61,1,1
35,19,5,1
42,20,1,1
49,28,2,2
43,21,1,1
51,30,1,2
51,30,1,2
45,26,1,2
44,27,1,2
79,44,1,3
47,30,1,2
38,19,5,1
67,42,5,3
51,29,1,2
53,30,1,2
44,27,1,2
36,18,5,1
79,44,1,3
27,26,6,1
33,16,2,1
86,86,1,3
38,19,1,1
45,28,5,2
32,17,1,1
40,20,6,1
75,75,1,2
63,30,4,2
41,22,5,2
32,20,2,1
52,51,1,2
49,49,1,1
41,20,1,2
65,47,1,4
31,31,1,1
57,35,1,2
54,32,1,2
55,55,1,2
31,18,2,1
31,21,5,1
41,41,1,1
75,44,1,3
53,32,1,2
31,20,1,1
60,43,1,3
40,21,1,1
104,48,4,3
81,47,1,3
35,21,1,1
58,41,2,3
45,29,1,2
38,23,5,2
76,43,1,3
103,64,1,4
31,20,5,1
46,30,1,2
18,14,2,1
40,16,1,1
41,17,1,1
42,41,2,2
63,63,1,2
119,119,1,3
74,45,1,3
29,29,4,1
31,16,5,1
33,17,1,1
35,20,5,1
76,73,1,3
78,43,1,3
29,27,1,1
38,20,1,1
46,29,5,2
28,16,2,1
46,30,1,2
38,38,1,1
44,29,2,2
127,69,4,4
87,51,4,2
32,20,1,1
74,45,1,3
44,17,1,1
68,43,5,3
32,15,1,1
39,19,1,1
34,21,2,1
63,36,1,2
64,38,1,3
45,30,5,2
51,30,2,2
43,43,1,1
53,32,1,2
64,46,5,3
113,78,1,3
64,41,1,3
68,43,5,3
78,77,4,3
92,32,1,2
49,34,1,3
53,27,1,2
82,50,2,3
48,28,1,2
63,38,1,3
81,52,2,3
48,30,1,2
74,51,1,4
31,20,1,1
46,46,1,1
59,13,4,2
78,78,1,2
53,32,1,2
35,35,1,1
41,18,1,1
39,17,1,1
38,18,1,1
81,81,1,3
66,64,6,1
34,15,1,1
46,28,1,2
36,22,2,2
41,21,1,1
78,40,4,2
45,29,2,2
51,30,1,2
31,17,1,1
38,23,5,2
55,36,1,3
37,37,1,1
31,18,2,1
79,41,1,3
62,45,1,3
45,45,6,1
100,69,2,4
59,34,1,2
38,19,1,1
55,41,2,3
42,28,2,2
46,30,1,2
58,42,2,3
39,19,5,1
38,19,1,1
80,76,1,3
45,27,1,2
66,44,5,3
112,68,4,4
36,17,5,1
64,44,4,3
54,22,1,1
52,30,1,2
38,18,1,1
60,33,1,2
38,23,5,2
62,62,1,2
51,51,4,2
37,18,1,1
41,41,1,2
66,37,2,2
60,36,2,2
61,34,1,2
72,40,1,3
55,33,2,2
39,19,1,1
59,40,2,2
44,20,1,1
30,18,2,1
97,53,1,3
39,39,4,1
54,32,1,2
44,28,1,2
39,19,1,1
54,32,1,2
47,30,1,2
79,52,1,4
75,38,6,2
44,29,2,2
45,28,1,2
64,39,1,3
54,28,1,2
42,20,1,1
74,45,1,3
65,45,1,3
76,44,1,3
50,29,1,2
63,39,1,3
43,29,1,2
68,40,2,2
43,19,1,1
33,17,1,1
69,69,4,3
62,37,1,3
53,30,1,2
39,19,1,1
40,26,2,2
53,32,1,2
126,103,4,1
58,31,2,2
39,19,1,1
81,48,1,3
48,21,6,1
62,62,1,2
64,64,4,2
36,17,1,1
38,18,1,1
27,15,2,1
78,46,1,3
71,43,1,3
52,34,2,3
74,40,1,3
61,43,1,3
96,53,1,3
38,18,1,1
38,23,5,2
37,18,1,1
85,51,2,3
77,45,1,3
43,29,2,2
64,45,1,3
25,14,1,1
79,79,1,3
32,20,1,1
51,30,1,2
77,45,1,3
98,50,5,3
44,28,1,2
48,42,1,1
51,31,5,2
79,41,6,3
32,19,5,1
83,53,2,3
38,37,5,2
47,30,1,2
132,70,1,3
53,28,5,2
68,44,5,3
36,20,5,1
64,34,1,2
84,84,1,3
98,98,1,4
58,43,1,3
37,22,5,2
41,21,1,1
44,27,2,2
32,18,1,1
75,43,1,3
91,49,2,3
61,61,1,2
49,29,2,2
41,41,4,1
57,54,2,2
32,18,1,1
45,27,1,2
41,37,6,1
73,43,1,3
31,16,1,1
42,26,5,2
36,14,1,1
108,75,6,4
46,45,1,2
109,53,2,3
117,66,1,4
30,18,2,1
41,20,1,1
40,25,1,2
31,17,5,1
49,33,1,3
32,18,1,1
56,31,2,2
50,29,1,2
50,30,1,2
51,51,1,2
74,74,1,3
52,30,1,2
154,82,4,4
37,18,1,1
52,50,2,2
46,27,5,2
39,16,1,1
32,20,5,1
34,19,5,1
63,63,1,2
38,19,1,1
45,28,5,2
45,29,1,2
58,41,1,3
52,30,1,2
67,32,2,2
34,15,6,1
45,27,5,2
43,27,1,2
65,46,2,3
45,29,5,2
83,42,2,3
38,20,1,1
31,18,1,2
80,80,1,2
32,18,1,1
39,19,1,1
34,34,1,1
43,27,1,2
76,44,1,3
32,18,1,1
31,18,5,1
41,20,1,1
45,30,1,2
38,20,1,1
46,28,1,2
37,19,1,1
38,20,1,1
63,33,1,2
58,32,5,2
54,32,1,2
42,26,2,2
63,45,1,3
32,18,1,1
39,23,5,2
56,32,1,2
48,34,1,3
89,52,1,3
68,46,1,3
41,20,1,1
45,28,5,2
69,44,1,3
42,27,2,2
59,43,1,3
44,27,1,2
36,19,1,1
54,30,1,2
57,33,1,2
50,30,1,2
39,37,1,1
58,43,1,3
38,19,1,1
62,38,1,3
40,23,5,2
60,27,1,2
65,47,1,3
79,47,1,3
51,30,1,2
98,63,1,4
39,18,2,1
42,30,2,2
79,79,1,3
58,40,6,2
42,27,1,2
38,22,5,2
73,44,1,3
51,30,1,2
46,20,4,1
77,45,1,3
51,51,1,2
28,16,2,1
96,96,1,2
63,38,1,3
49,31,1,2
50,27,2,2
44,27,2,2
45,30,1,2
44,28,1,2
52,29,1,2
78,78,6,2
55,30,2,2
38,19,1,1
64,33,1,2
47,44,1,2
49,25,1,2
45,45,1,3
74,46,2,3
50,30,1,2
45,29,5,2
115,115,2,2
36,19,5,1
32,18,2,1
45,24,2,1
65,34,1,2
39,18,1,1
49,29,1,2
75,45,1,3
64,64,1,2
31,19,2,1
53,30,1,2
34,19,1,1
39,19,5,1
36,19,5,1
68,42,2,3
57,30,6,2
43,27,1,2
43,26,2,2
114,67,2,3
72,44,1,3
66,66,1,2
38,20,1,1
118,118,1,3
36,22,5,2
53,31,1,2
29,16,1,1
37,22,5,1
62,62,1,2
85,53,1,4
41,20,1,1
58,30,1,2
30,18,2,1
42,20,1,1
47,42,6,1
51,30,1,2
78,53,2,3
27,17,5,1
42,42,1,1
45,30,1,2
43,29,1,2
44,28,2,2
64,38,1,3
96,51,1,3
45,29,1,2
80,50,6,3
42,27,1,2
73,66,4,1
45,28,1,2
73,42,1,3
44,27,1,2
63,40,2,2
45,24,2,2
71,44,2,3
65,35,2,2
72,44,1,3
47,31,1,2
74,74,1,3
99,50,1,3
54,29,5,2
64,64,1,2
34,20,1,1
60,44,1,3
39,16,1,1
54,28,1,2
44,28,1,2
44,28,1,2
35,19,5,1
37,22,5,2
55,32,1,2
202,86,2,4
44,27,1,2
32,18,1,1
45,29,1,2
38,19,5,1
85,62,2,4
31,18,2,1
41,41,1,1
33,16,1,1
57,37,2,2
102,76,4,1
50,33,2,3
47,28,1,2
59,42,1,3
37,18,1,1
38,19,1,1
31,18,1,1
55,37,2,3
63,60,1,3
29,18,2,1
58,32,1,2
66,45,2,3
38,17,1,1
60,60,1,2
36,20,1,1
54,32,1,2
34,20,2,2
38,19,1,1
72,43,1,3
40,20,1,1
44,27,1,2
43,27,2,2
42,25,2,1
146,146,4,3
41,19,2,1
43,28,1,2
37,19,1,1
58,44,1,3
38,19,1,1
62,36,2,2
45,27,1,2
62,59,1,2
53,28,5,2
34,19,5,1
43,26,5,2
80,74,6,3
134,69,1,4
76,41,2,2
44,30,1,2
60,31,6,2
76,45,1,3
62,62,1,2
37,18,1,1
43,31,1,2
60,38,1,3
67,46,5,3
29,16,2,1
40,26,1,2
57,33,1,2
46,29,1,2
74,43,1,3
56,29,1,2
54,39,5,3
74,49,2,3
67,67,1,3
67,45,1,4
39,20,1,1
27,27,4,1
41,25,1,2
45,29,1,2
38,20,1,1
38,38,1,1
91,62,1,4
54,30,1,2
49,34,1,3
35,19,5,1
33,18,1,1
48,26,2,2
35,14,1,1
76,76,1,3
41,22,6,2
74,45,1,3
36,21,1,1
39,18,2,1
62,46,1,4
56,29,6,2
41,26,2,2
53,30,1,2
72,42,1,3
40,25,1,2
56,32,1,2
73,72,6,2
30,17,1,1
74,45,1,3
57,57,1,2
44,31,5,2
46,30,1,2
78,52,1,3
76,40,1,3
35,19,1,1
41,41,1,1
54,30,1,2
38,22,5,2
71,71,4,2
37,37,1,1
50,25,6,1
48,28,2,2
37,17,1,1
59,33,1,2
57,33,1,2
32,21,1,1
44,31,2,2
57,30,1,2
58,41,1,3
83,83,4,2
75,47,1,3
34,18,1,1
90,56,1,4
65,62,4,2
48,30,5,2
38,19,1,1
54,32,1,2
47,30,1,2
38,20,1,1
39,19,1,1
39,21,1,1
46,28,5,2
77,77,1,3
44,28,1,2
37,37,1,1
46,44,4,1
100,80,6,3
53,32,1,2
37,20,6,1
52,30,1,2
29,18,5,1
99,64,1,4
74,42,1,3
30,18,2,1
44,29,1,2
1,1,1,1
27,18,2,1
52,32,1,2
36,18,1,1
75,51,2,4
41,41,1,1
60,42,1,3
41,21,1,1
70,36,1,2
41,17,1,1
52,30,1,2
76,45,1,3
75,44,1,3
37,17,2,1
36,20,1,1
33,17,2,1
72,41,1,3
97,62,1,4
43,43,1,1
37,19,1,1
77,77,1,3
41,18,1,1
43,43,1,1
104,60,4,3
43,27,2,2
33,18,5,1
41,20,1,1
63,58,6,2
47,18,4,1
72,46,2,3
52,34,2,3
37,23,1,2
73,43,1,3
100,63,1,4
40,25,2,2
34,19,5,1
43,28,1,2
73,43,1,3
45,28,1,2
39,21,1,1
38,19,1,1
35,18,1,1
45,25,2,2
62,38,1,3
55,28,1,2
44,44,4,1
31,16,2,1
51,30,1,2
53,33,1,3
57,43,1,3
54,31,2,2
77,46,1,3
76,45,1,3
33,19,1,1
67,43,1,3
43,18,1,1
55,27,4,2
38,19,1,1
35,20,5,1
54,31,1,2
42,20,1,1
39,23,5,2
32,18,1,1
45,32,5,2
53,30,1,2
45,28,1,2
74,46,1,3
29,18,2,1
40,20,1,1
64,39,1,3
38,38,1,1
64,42,5,3
45,30,1,2
45,28,5,2
101,101,1,3
55,36,1,3
80,44,4,2
77,50,1,3
31,20,2,1
41,41,6,1
30,18,2,1
58,30,1,2
82,55,2,3
54,31,1,2
104,104,1,1
73,44,1,3
51,30,1,2
76,43,1,3
57,42,2,3
37,37,1,1
53,32,1,2
40,25,1,2
36,21,1,1
36,20,1,1
32,21,2,1
42,20,1,1
52,30,1,2
58,34,1,2
115,105,4,1
27,26,1,1
47,47,4,1
49,31,5,2
38,24,2,2
45,27,1,2
55,34,2,2
71,43,1,3
44,43,4,1
30,30,4,1
68,37,2,3
37,19,1,1
36,22,5,2
37,15,6,1
37,18,1,1
89,89,2,3
93,87,5,3
64,64,1,2
61,59,2,2
55,35,1,2
38,19,5,1
34,19,1,1
39,18,4,1
45,30,5,2
32,21,1,1
63,63,1,2
75,51,2,3
41,26,2,2
45,32,5,2
53,33,2,2
53,30,1,2
38,19,1,1
133,133,1,4
40,40,1,1
91,44,4,2
39,18,6,1
94,94,4,3
43,39,1,1
26,14,1,1
45,27,1,2
51,29,1,2
66,36,1,2
37,37,1,1
64,64,1,2
42,28,1,2
45,29,1,2
44,44,1,1
51,30,1,2
84,52,1,3
33,15,1,1
58,43,1,3
55,30,1,2
39,39,1,1
53,30,1,2
80,50,1,3
90,49,1,2
46,30,1,2
65,64,2,3
32,19,1,1
42,26,1,2
53,53,1,2
53,23,1,2
46,28,5,2
53,30,1,2
101,101,1,3
36,22,5,2
36,19,6,1
55,55,1,2
44,27,1,2
53,28,1,2
34,16,2,1
53,53,2,2
25,13,1,1
75,44,1,3
77,46,6,3
71,40,6,2
38,19,1,1
48,31,5,2
60,34,1,2
43,28,1,2
51,30,1,2
109,54,1,3
54,32,1,2
31,20,1,1
43,27,1,2
54,32,5,2
36,18,2,1
53,30,1,2
32,17,5,1
39,19,1,1
71,42,5,3
44,27,1,2
53,30,1,2
32,18,1,1
57,56,5,2
88,47,1,3
79,44,1,3
34,22,2,2
39,24,2,2
38,16,2,1
46,44,1,1
74,43,1,3
60,33,1,2
23,13,1,1
52,30,1,2
37,22,5,2
52,30,1,2
41,26,1,2
54,31,1,2
44,17,2,1
53,32,1,2
82,48,1,3
37,19,1,1
88,58,2,3
46,30,1,2
38,38,1,1
44,29,2,2
31,19,2,1
15,11,2,1
51,51,1,2
32,20,1,1
66,43,2,3
57,57,1,2
63,36,4,2
44,27,1,2
65,46,1,3
44,17,6,1
64,64,4,2
49,49,6,1
78,49,2,3
45,45,5,3
35,17,1,1
39,25,2,2
64,32,1,2
63,45,1,3
75,45,1,3
74,49,2,3
70,46,2,3
39,21,1,1
63,63,1,2
53,53,1,2
59,42,1,3
62,35,2,2
45,29,1,2
52,52,1,2
75,44,1,3
66,46,1,3
79,53,2,3
43,28,2,2
68,46,2,3
53,52,4,2
37,19,1,1
54,32,1,2
38,18,1,1
34,18,2,1
32,19,2,1
76,76,1,3
47,47,1,1
30,18,5,1
37,36,1,1
55,41,2,3
72,45,1,3
30,18,2,1
52,27,1,2
37,20,6,1
32,18,1,1
31,21,1,1
72,45,1,3
37,18,1,1
62,62,1,2
39,19,5,1
45,30,1,2
39,39,1,1
32,16,1,1
68,47,5,3
37,19,1,2
38,20,1,1
51,35,1,2
38,19,1,1
63,38,1,3
104,53,2,2
39,19,1,1
36,18,1,1
59,59,4,2
77,46,1,3
28,15,1,1
74,45,1,3
44,29,2,2
75,44,1,3
55,37,1,3
33,20,2,1
30,19,1,1
38,19,1,1
38,19,1,1
35,20,5,1
79,45,1,3
73,44,1,3
79,54,5,3
79,47,1,3
53,28,6,2
38,19,1,1
38,38,4,1
52,31,1,2
54,41,2,3
58,36,2,2
122,72,2,4
44,26,5,2
54,32,2,2
71,68,4,2
43,19,1,1
38,20,1,1
57,41,2,3
37,37,4,1
49,17,1,1
32,18,1,1
43,21,1,1
47,30,2,2
36,19,2,1
55,21,4,1
38,38,1,1
43,27,1,2
101,52,4,3
51,30,1,2
45,27,1,2
78,41,1,3
94,62,1,4
37,19,1,1
59,43,1,3
38,19,1,1
47,47,6,1
75,46,1,3
45,45,1,1
60,60,1,2
38,19,1,1
79,55,2,3
54,32,1,2
36,19,1,1
60,33,1,2
38,19,1,1
65,43,1,3
54,33,2,2
77,44,1,3
45,28,1,2
52,30,1,2
64,39,1,3
32,18,1,1
39,20,1,1
38,19,1,1
113,70,2,3
80,54,2,3
48,48,1,1
44,28,1,2
32,20,1,1
45,29,1,2
15,11,2,1
39,20,1,1
41,41,1,1
45,28,1,2
67,36,2,3
110,59,4,3
52,30,1,2
48,48,6,2
38,23,1,2
37,20,5,1
117,117,1,3
57,37,1,3
28,14,2,1
52,30,1,2
30,17,1,1
46,46,1,1
49,29,1,2
61,42,5,3
35,19,5,1
63,33,1,2
56,42,2,3
29,18,2,1
47,30,1,2
45,29,1,2
81,52,5,3
72,43,1,3
61,29,1,2
60,60,1,2
33,13,6,1
42,27,1,2
32,31,1,1
82,45,1,3
45,27,5,2
74,44,1,3
53,32,1,2
105,66,4,3
43,27,2,2
66,37,2,2
77,50,2,3
46,30,1,2
95,73,1,4
93,51,2,3
39,16,1,1
37,22,5,2
38,38,1,1
45,28,5,2
35,19,5,1
116,116,4,3
80,32,2,2
38,19,1,1
44,27,2,2
42,28,2,2
76,45,1,3
51,21,4,1
69,69,4,2
137,70,4,3
44,28,2,2
65,43,5,3
73,52,2,3
38,22,5,2
39,39,1,1
43,24,1,1
60,44,1,3
47,27,1,2
40,25,2,2
85,81,1,3
38,35,2,1
35,19,1,1
38,37,1,1
53,30,1,2
39,23,5,2
38,19,5,1
42,26,1,2
72,45,1,3
20,12,2,1
46,29,1,2
65,45,1,3
101,64,1,4
86,44,1,3
66,36,6,2
35,19,5,1
86,49,1,3
67,67,1,3
43,23,1,2
73,44,1,3
39,21,1,1
38,19,1,1
76,45,1,3
37,19,1,1
56,30,5,2
63,63,1,2
28,15,2,1
63,36,4,2
95,51,6,3
62,62,1,2
52,52,1,2
36,19,5,1
37,22,5,2
30,19,1,1
62,58,1,2
44,28,1,2
40,21,1,1
59,38,1,3
88,48,1,3
64,38,1,3
31,19,1,1
36,21,1,1
87,54,1,4
64,36,2,3
79,44,1,3
58,33,1,2
38,21,5,1
59,31,2,2
52,34,1,3
35,18,2,1
32,20,1,1
47,26,6,2
38,19,2,1
34,14,4,1
51,29,1,2
43,28,2,2
70,44,5,3
36,19,1,1
52,30,1,2
61,36,1,2
32,18,1,1
72,42,2,3
34,19,1,1
97,97,1,3
51,30,1,2
44,24,1,2
57,33,2,2
30,17,2,1
58,33,2,2
62,59,1,2
50,30,1,2
51,51,1,2
39,39,1,1
71,50,2,3
53,31,1,2
38,19,1,1
122,122,4,3
32,21,5,1
43,26,2,2
47,30,1,2
99,73,6,1
47,30,1,2
43,27,1,2
53,32,1,2
73,41,4,2
74,44,4,3
34,34,1,1
44,17,1,1
37,18,1,1
73,43,1,3
82,42,1,3
50,30,1,2
38,19,1,1
59,59,4,2
41,26,1,2
26,26,1,1
45,30,1,2
44,31,5,2
46,30,1,2
39,18,1,1
62,37,1,3
33,18,5,1
60,44,2,3
88,58,2,3
45,29,1,2
60,42,1,3
41,16,4,1
38,38,1,1
45,28,1,2
38,23,1,2
42,26,1,2
41,38,2,1
45,17,6,1
34,15,2,1
52,19,6,1
37,18,1,1
75,51,2,3
57,35,2,3
59,42,2,3
48,31,5,2
30,17,1,1
39,19,2,1
73,43,1,3
42,26,2,2
80,47,1,3
77,45,1,3
34,34,1,1
34,18,1,1
38,20,1,1
54,32,1,2
43,27,2,2
32,21,5,1
35,14,1,1
45,17,1,1
37,18,1,1
62,62,6,2
32,19,1,1
64,63,6,3
76,45,1,3
79,44,1,3
32,18,1,1
106,53,2,3
37,18,4,1
34,22,1,1
48,30,1,2
56,29,1,2
146,83,4,3
53,32,2,2
47,30,2,2
55,31,2,2
67,34,2,2
38,19,1,1
70,70,4,2
44,28,2,2
57,38,1,3
36,19,1,1
60,43,1,3
38,19,1,1
56,37,1,3
50,21,2,2
58,43,1,3
84,84,1,3
47,30,1,2
43,31,2,2
34,20,1,1
37,22,1,2
66,44,1,3
42,27,2,2
126,126,6,3
56,42,2,3
48,48,1,1
36,19,5,1
54,54,4,2
62,40,1,2
81,54,2,3
64,44,5,3
43,27,1,2
41,27,1,2
33,17,1,1
46,46,1,1
34,23,5,1
53,32,1,2
55,32,1,2
44,29,1,2
32,18,1,1
39,39,4,1
45,18,4,1
43,27,1,2
35,19,1,1
38,20,1,2
57,32,5,2
38,23,2,1
79,43,1,3
38,20,2,1
54,32,1,2
54,35,2,3
39,39,1,1
65,34,6,2
118,87,6,1
54,28,1,2
79,79,1,3
30,18,2,1
77,41,4,3
69,37,2,2
44,27,1,2
40,20,1,1
42,28,2,2
60,34,1,2
76,51,2,3
53,32,1,2
57,31,1,2
52,30,1,2
63,60,1,3
51,30,1,2
78,46,1,3
38,17,1,1
38,19,1,1
45,28,1,2
35,19,1,1
38,19,1,1
49,34,1,2
42,20,1,1
37,22,5,2
44,30,5,2
46,27,1,2
42,27,2,2
57,57,4,2
90,51,5,3
30,18,2,1
63,63,1,2
76,45,1,3
46,31,1,2
45,28,5,2
28,15,2,2
63,44,1,3
77,77,4,3
63,44,1,3
39,18,1,1
43,27,1,2
82,46,4,3
59,42,1,3
54,32,1,2
87,50,1,3
38,19,1,1
41,20,1,1
60,33,1,2
52,30,1,2
32,19,1,1
110,85,1,3
75,41,1,3
35,18,1,1
40,19,1,1
39,38,4,1
38,19,1,1
38,20,1,1
32,20,1,1
51,30,1,2
42,17,4,1
35,14,1,1
45,21,6,1
51,33,1,3
74,44,1,3
65,65,1,2
46,30,5,2
49,47,5,2
58,33,1,2
51,30,1,2
78,78,1,3
34,14,1,1
33,14,1,1
51,29,1,2
59,33,1,2
62,33,1,2
69,65,1,3
40,20,1,1
35,14,1,1
38,16,5,1
107,58,4,3
39,19,1,1
64,46,5,3
33,17,2,1
52,30,1,2
56,32,1,2
33,19,1,1
34,19,1,1
52,34,1,3
43,43,4,1
56,30,1,2
51,30,1,2
55,36,2,3
59,39,2,2
96,67,2,4
65,32,2,2
51,30,1,2
78,78,1,3
51,31,5,2
39,39,1,1
35,20,5,1
59,59,2,2
53,32,1,2
55,40,2,3
102,94,1,3
40,26,2,2
77,45,1,3
42,28,2,2
48,32,1,2
38,38,2,1
53,30,1,2
70,46,1,3
46,28,1,2
61,61,1,2
53,28,1,2
45,45,1,3
39,20,1,1
32,19,2,1
42,28,1,2
63,33,1,2
39,21,1,1
44,27,1,2
54,32,1,2
99,66,2,3
51,50,1,3
44,27,1,2
44,24,1,2
31,18,2,1
45,32,5,2
94,94,1,3
27,17,2,1
56,39,2,3
39,21,1,1
74,45,1,3
44,28,1,2
29,15,2,1
38,18,1,1
37,17,1,1
37,22,5,2
63,38,5,3
36,19,1,1
53,32,1,2
80,55,6,3
51,33,5,2
45,27,1,2
31,16,2,1
30,18,2,1
55,34,2,2
32,18,1,1
37,18,1,1
72,41,1,3
33,17,1,1
49,49,1,1
57,31,1,2
32,18,1,1
77,46,1,3
45,42,1,1
100,76,2,4
38,19,1,1
41,17,1,1
50,30,1,2
39,20,1,1
32,19,1,1
52,46,1,1
71,42,1,3
38,23,5,2
39,20,1,1
44,30,1,2
60,30,1,2
52,28,1,2
60,33,1,2
47,30,1,2
41,21,1,1
54,32,1,2
53,30,1,2
51,31,2,2
64,38,1,3
37,37,6,1
38,19,1,1
53,32,1,2
41,21,1,1
79,41,1,3
33,19,2,1
64,45,1,3
37,19,1,1
40,18,2,1
45,30,1,2
59,33,1,2
37,19,5,1
59,39,1,3
48,21,4,1
75,45,2,3
46,46,6,1
31,18,2,1
31,18,1,1
35,19,5,1
32,18,1,1
52,22,2,1
53,34,1,3
55,37,1,3
36,19,1,1
74,41,1,3
39,28,2,2
57,57,1,2
84,45,1,3
52,34,1,3
55,30,1,2
54,37,1,3
38,19,1,1
73,48,2,3
81,72,1,2
45,28,1,2
38,19,1,1
38,20,1,1
38,17,1,1
134,76,6,4
45,30,2,2
39,20,1,1
38,20,1,1
82,46,1,3
34,19,1,1
37,19,1,1
41,26,2,2
40,25,1,2
42,19,1,1
46,30,1,2
39,17,1,1
52,35,1,2
59,34,1,2
77,77,1,2
138,81,2,3
58,43,1,3
53,30,1,2
79,40,6,2
59,28,4,2
44,28,1,2
55,35,1,2
31,19,5,1
64,29,1,2
90,60,2,3
54,37,1,3
31,19,2,1
38,19,1,1
58,44,1,3
76,45,1,3
38,18,1,1
63,34,1,2
62,62,1,3
34,34,1,1
133,79,6,4
44,32,2,2
77,46,1,3
35,19,5,1
45,32,5,2
37,35,1,1
45,27,1,2
62,36,2,2
46,30,1,2
34,19,5,1
35,19,2,1
32,18,1,1
46,30,1,2
40,20,1,1
31,17,1,1
51,30,1,2
39,19,5,1
121,62,4,3
59,44,1,3
37,19,1,1
32,18,1,1
43,18,1,1
50,33,5,2
46,46,1,1
150,86,4,4
51,51,1,2
60,33,1,2
44,44,1,2
43,21,1,1
44,28,2,2
55,36,1,3
83,45,6,2
38,20,1,1
40,18,1,1
44,44,1,2
38,37,4,1
51,51,1,2
59,44,1,3
35,19,2,1
50,30,1,2
54,54,6,1
33,18,1,1
39,17,1,1
117,117,1,3
41,27,2,2
39,22,1,2
38,20,1,1
112,112,5,3
59,44,5,3
37,18,1,1
37,19,1,1
44,29,2,2
83,46,1,3
33,17,1,1
38,22,5,2
38,20,1,1
76,45,1,3
41,25,1,2
82,56,1,3
53,38,1,3
51,30,1,2
78,44,1,3
35,17,2,1
58,29,1,2
75,45,1,3
38,24,2,1
43,24,2,2
40,24,2,2
74,46,1,3
100,50,6,3
45,30,1,2
65,43,1,3
30,19,5,1
37,19,1,1
37,22,5,2
42,18,6,1
53,29,5,2
89,53,2,3
80,56,1,4
38,37,6,1
32,18,1,1
65,44,5,3
77,45,1,3
40,24,1,2
39,19,1,1
38,19,1,1
44,29,5,2
34,18,5,1
53,33,2,2
64,45,1,3
51,51,4,1
47,29,2,2
41,26,1,2
31,16,2,1
93,54,6,3
74,45,1,3
43,27,2,2
42,42,4,1
63,33,1,2
43,17,4,1
38,19,1,1
36,36,1,1
35,19,1,1
30,18,1,1
42,27,1,2
32,18,1,1
75,43,1,3
41,24,2,2
73,44,1,3
58,33,1,2
46,46,1,1
44,27,1,2
39,11,1,1
63,44,1,3
51,29,1,2
32,18,1,1
76,51,2,3
41,17,1,1
38,20,1,1
51,29,1,2
27,26,1,1
76,45,1,3
43,29,1,2
41,20,1,1
26,10,1,1
76,45,1,3
75,46,5,3
41,41,1,1
57,38,1,3
20,11,2,1
77,43,1,3
30,17,1,1
65,43,1,3
47,31,5,2
58,32,1,2
100,95,4,3
33,18,1,1
30,15,1,1
31,20,1,1
52,30,5,2
35,21,1,1
74,45,1,3
74,36,6,2
32,18,1,1
39,20,1,1
37,19,1,1
80,45,1,3
43,25,5,2
38,19,2,1
37,37,1,1
41,20,1,1
54,28,1,2
76,45,1,3
30,19,2,1
44,27,1,2
38,37,1,1
34,15,1,1
40,20,1,1
74,74,1,2
44,27,1,2
41,26,1,2
38,19,1,1
66,39,1,3
51,34,1,3
59,42,1,3
58,32,1,2
77,77,4,3
80,56,1,4
35,19,1,1
74,74,1,3
38,38,1,1
54,37,2,3
45,30,5,2
57,42,2,3
34,19,5,1
55,31,1,2
58,42,2,3
56,34,2,2
63,43,1,3
36,19,1,1
96,96,1,3
55,29,1,2
49,18,4,1
15,11,2,1
39,18,2,1
60,33,1,2
59,33,1,2
39,20,1,1
45,30,1,2
42,18,1,1
61,42,1,3
52,30,1,1
30,18,2,1
41,26,1,2
53,28,1,2
32,19,1,1
30,30,5,1
32,16,1,1
90,49,1,2
56,56,1,2
56,27,1,2
176,108,4,3
51,30,1,2
45,29,1,2
41,25,1,2
38,37,1,1
51,30,1,2
65,29,1,2
108,58,1,3
76,42,1,3
52,30,1,2
86,48,1,3
60,60,1,2
59,22,1,1
45,29,1,2
53,30,1,2
43,17,1,1
45,30,5,2
59,42,1,3
35,14,1,1
34,21,2,1
51,31,2,2
32,18,1,1
58,36,2,2
38,20,1,1
39,19,1,1
41,20,1,1
38,22,1,2
30,18,2,1
47,17,1,1
46,46,1,1
38,19,1,1
63,30,1,2
75,43,1,3
52,51,1,2
30,18,2,1
107,59,4,3
47,19,1,1
42,26,1,2
39,23,1,2
36,16,1,1
84,61,2,4
51,30,5,2
32,18,1,1
43,30,2,2
54,30,1,2
50,30,2,2
44,28,1,2
34,18,1,1
54,31,1,2
45,27,1,2
50,28,2,2
38,20,1,1
55,32,2,2
40,40,1,1
72,37,6,2
34,19,5,1
64,38,1,3
34,20,1,1
32,18,1,1
38,19,1,1
57,32,1,2
61,30,1,1
43,26,5,2
32,16,2,1
138,81,5,4
81,81,6,2
125,125,1,3
33,20,1,2
74,43,1,3
60,34,1,2
79,45,1,3
38,19,1,1
63,33,1,2
82,82,1,3
62,62,1,2
150,80,4,3
73,46,2,3
38,23,2,2
44,42,1,2
47,46,6,2
43,26,2,2
77,46,1,3
41,23,1,2
34,20,2,1
51,30,1,2
66,47,1,4
46,29,1,2
47,18,4,1
37,19,1,1
53,30,1,2
38,19,1,1
40,26,2,2
83,83,1,3
45,27,1,2
62,44,5,3
37,19,1,1
77,46,1,3
29,15,1,1
65,43,1,3
51,51,1,2
47,29,1,2
59,43,2,3
43,43,2,1
33,17,2,1
65,43,1,3
77,46,1,3
92,48,1,2
63,30,1,2
83,52,1,3
55,28,1,2
79,79,1,3
52,30,1,2
68,46,1,3
34,34,1,1
84,84,1,3
45,29,1,2
33,17,5,1
38,24,2,2
96,96,1,3
40,20,1,1
33,18,1,1
37,22,5,2
57,57,1,2
31,18,2,1
38,19,1,1
60,44,1,3
33,19,1,1
58,38,1,3
43,43,1,1
28,15,2,1
38,19,5,1
37,19,1,1
45,28,1,2
35,16,2,1
38,18,1,1
35,19,1,1
55,34,2,2
37,19,1,2
52,33,1,3
37,20,1,1
46,44,1,1
44,28,2,2
55,33,2,2
56,38,4,1
39,39,1,1
73,34,1,2
55,37,1,3
74,43,1,3
57,30,1,2
53,32,1,2
63,60,1,3
59,59,1,2
46,30,1,2
47,30,1,2
72,46,1,3
32,21,1,1
53,53,1,1
42,26,2,2
31,17,1,1
77,77,1,2
51,29,1,2
39,17,1,1
38,19,1,1
47,18,1,1
74,51,1,4
30,19,1,1
75,46,1,3
37,19,5,1
57,30,1,2
61,38,1,3
53,30,1,2
42,19,1,1
38,19,1,1
72,43,1,3
76,45,1,3
43,28,1,2
69,33,4,2
80,55,6,3
57,33,1,2
58,32,1,2
44,28,2,2
47,45,1,2
66,44,5,3
75,45,1,3
46,22,6,1
37,22,5,2
82,50,1,3
35,20,1,1
50,30,1,2
96,68,2,4
38,18,1,1
43,19,1,1
28,10,1,1
40,38,1,1
41,18,1,1
57,28,6,2
38,19,1,1
44,29,1,2
35,19,5,1
39,18,1,1
31,17,1,1
31,17,2,1
63,37,1,3
37,37,6,1
37,18,1,2
31,15,1,1
43,29,2,2
63,60,1,2
35,20,5,1
38,20,1,1
53,30,2,2
30,13,1,1
90,90,2,2
41,20,1,1
37,37,1,1
38,23,5,2
60,34,1,2
60,28,1,2
61,61,1,2
45,27,1,2
39,20,1,1
38,21,5,2
53,32,1,2
41,20,1,1
55,35,2,2
65,39,1,3
30,18,2,1
48,30,1,2
59,44,1,3
95,51,6,3
44,29,2,2
65,65,6,3
58,38,1,3
30,18,2,1
57,37,2,3
32,18,1,1
59,59,1,2
33,18,2,1
40,20,1,1
48,16,1,1
32,18,1,1
67,47,1,3
53,33,1,2
116,62,2,3
38,19,1,1
38,20,1,1
44,28,1,2
72,72,1,2
84,46,4,2
70,49,1,4
39,20,1,1
42,19,1,1
42,28,2,2
37,19,1,1
32,19,2,1
42,25,5,2
46,31,1,2
39,23,5,2
74,44,1,3
65,43,5,3
52,30,1,2
37,19,1,1
30,16,2,1
58,34,1,2
60,43,1,3
57,33,1,2
56,18,2,1
72,46,2,3
53,32,1,2
85,85,1,3
56,56,4,2
34,18,5,1
41,20,1,1
75,43,1,3
56,36,5,3
58,43,1,3
45,28,1,2
38,18,5,1
40,16,1,1
76,43,1,3
43,24,1,2
62,40,2,3
28,15,2,1
79,44,1,3
71,49,1,3
81,47,1,3
58,32,1,2
75,44,1,3
129,77,4,3
42,23,5,2
57,34,2,2
51,31,5,2
54,32,1,2
44,26,1,2
29,17,2,1
33,20,2,1
72,45,2,3
69,45,1,3
41,21,1,1
76,40,1,3
45,27,1,2
46,29,1,2
37,23,5,2
35,19,5,1
60,38,1,3
79,45,6,3
39,19,1,1
60,33,6,2
40,24,2,2
43,43,1,1
74,69,2,2
54,32,1,2
61,61,1,2
38,19,1,1
43,26,2,2
54,32,1,2
68,62,4,2
64,33,1,2
99,55,1,3
40,20,1,1
51,31,1,2
68,64,5,3
41,25,2,2
37,19,1,1
38,19,1,1
44,28,1,2
90,48,1,2
69,46,5,3
49,30,1,2
52,27,5,2
35,19,5,1
38,37,1,1
34,20,2,1
47,28,1,2
40,20,1,1
57,57,1,2
54,29,1,2
31,18,2,1
82,82,1,3
43,26,5,2
121,73,4,4
53,32,1,2
46,27,4,2
32,18,1,1
39,21,1,1
41,20,1,1
54,36,1,3
41,21,1,1
64,43,1,3
63,33,1,2
46,30,1,2
31,31,1,1
34,34,1,1
29,15,1,1
74,41,1,3
35,19,5,1
39,16,2,1
58,37,1,3
57,30,1,2
44,28,2,2
46,29,1,2
42,20,1,1
65,46,1,4
108,58,4,3
44,28,1,2
42,42,1,1
38,38,1,1
74,43,1,3
76,76,4,3
30,17,2,1
38,19,1,1
88,85,4,2
71,58,1,2
51,30,1,2
42,29,2,2
43,43,5,1
54,30,1,2
40,40,1,1
58,39,1,3
77,77,1,2
37,19,1,1
39,19,1,1
26,17,2,1
57,57,1,2
77,49,2,3
38,19,1,1
74,42,4,3
58,38,1,3
73,73,4,2
60,29,5,2
32,18,1,1
41,25,2,2
63,44,1,3
31,18,2,1
38,19,1,1
32,18,1,1
72,51,2,3
74,46,1,3
92,92,1,4
59,34,1,2
75,45,1,3
87,32,2,2
37,22,5,2
29,18,2,1
62,38,2,3
30,18,5,1
35,14,1,1
77,73,1,3
36,21,1,1
56,35,6,2
52,30,1,2
74,44,1,3
30,16,2,1
38,19,1,1
51,29,1,2
63,33,1,2
54,32,1,2
33,18,1,1
66,40,1,3
74,48,2,3
37,22,5,2
54,36,1,3
62,62,4,2
56,36,1,2
31,16,1,1
57,37,1,3
45,28,1,2
39,16,1,1
41,20,1,1
51,26,4,2
53,32,1,2
112,76,2,4
41,21,1,1
58,34,1,2
58,40,5,3
59,38,1,3
63,58,1,2
68,44,5,3
54,32,1,2
62,44,1,3
90,57,4,4
72,41,1,3
33,18,1,1
74,46,1,3
64,64,1,2
66,39,2,3
57,57,1,1
50,25,2,2
39,17,1,1
37,22,1,2
51,51,1,2
52,26,2,2
50,30,1,2
57,43,2,3
30,11,1,1
53,30,1,2
52,30,1,2
39,19,2,1
43,28,2,2
55,32,1,2
32,20,5,1
112,69,1,4
75,46,1,3
44,44,4,1
39,25,2,2
39,20,1,1
35,19,1,1
32,18,1,1
70,40,2,3
60,43,1,3
66,44,1,3
74,51,1,4
44,28,1,2
43,27,2,2
74,74,4,1
51,30,1,2
48,31,5,2
61,43,2,3
82,82,1,3
46,29,1,2
45,29,2,2
52,33,6,2
41,26,2,2
82,82,1,3
50,30,1,2
49,24,4,1
51,30,1,2
58,31,1,2
81,81,1,2
58,33,1,2
38,17,1,1
38,19,2,1
20,12,2,1
60,43,1,3
57,29,1,2
46,21,2,1
40,27,2,2
45,29,1,2
32,18,1,1
29,29,1,1
63,33,1,2
82,82,1,3
57,34,1,2
32,18,1,1
60,34,1,2
123,123,4,4
54,32,1,2
43,28,1,2
39,24,1,1
41,26,2,2
53,27,1,2
45,40,1,1
75,40,1,3
85,61,2,3
44,27,1,2
56,40,2,3
42,29,1,2
44,29,5,2
40,40,1,1
51,51,1,2
41,26,2,2
44,27,1,2
55,30,2,2
75,44,1,3
56,31,2,2
122,60,4,3
29,27,6,1
35,14,1,1
35,20,5,1
37,22,5,2
38,19,1,1
54,32,1,2
32,17,1,1
33,20,1,1
74,44,1,3
37,19,1,1
93,58,2,3
44,44,4,1
57,33,1,2
38,20,1,1
45,26,1,2
30,17,2,1
57,38,1,3
35,18,2,1
42,28,2,2
29,18,2,1
79,51,1,4
41,25,2,2
44,28,5,2
32,19,1,1
76,45,1,3
43,27,2,2
59,44,1,3
62,62,1,1
37,22,1,2
154,108,4,4
60,42,5,3
74,45,1,3
58,44,2,3
32,18,1,1
76,47,1,3
118,57,6,3
54,27,4,2
59,44,1,3
78,43,1,3
32,18,1,1
45,18,6,1
66,40,1,3
35,20,5,1
125,74,4,3
40,23,1,1
72,47,2,3
66,44,5,3
54,32,1,2
76,45,1,3
32,18,1,1
142,86,4,4
66,39,1,3
64,46,5,1
60,34,1,2
103,64,1,4
54,32,1,2
75,75,1,3
44,28,1,2
55,30,1,2
48,42,1,1
40,18,2,1
43,19,4,1
41,29,1,2
32,18,1,1
55,55,1,1
94,88,4,4
57,38,1,3
77,45,1,3
36,15,1,1
84,52,1,3
116,55,6,3
84,84,1,3
97,45,4,2
43,27,1,2
52,19,6,1
104,62,6,3
59,32,1,2
68,41,1,3
60,38,1,3
37,18,5,1
38,18,1,1
43,28,2,2
30,18,2,1
58,37,1,3
45,29,2,2
36,19,5,1
75,35,1,2
45,30,1,2
59,42,1,3
32,17,1,1
38,18,1,1
55,24,6,1
67,46,5,3
33,18,5,1
57,35,2,2
65,46,1,4
31,18,2,1
45,27,1,2
51,20,6,1
76,45,1,3
37,19,1,1
33,18,1,1
46,27,1,2
44,20,6,1
43,18,1,1
39,19,1,1
42,18,4,1
34,34,1,1
44,27,1,2
53,35,6,2
65,65,1,2
43,27,1,2
39,19,1,1
45,28,2,2
52,30,1,2
34,19,5,1
101,58,4,3
54,31,4,2
40,40,1,1
65,43,5,3
41,20,1,1
55,30,1,2
53,28,1,2
62,38,1,3
40,26,1,2
57,31,1,2
36,19,2,1
64,60,1,1
37,18,5,1
42,27,5,2
60,44,1,3
61,61,1,2
109,63,6,3
56,32,1,2
86,50,1,3
53,32,1,2
62,38,1,3
31,20,1,1
83,49,1,3
42,17,1,1
62,62,1,2
37,20,2,1
33,18,1,1
41,25,2,2
39,19,1,1
79,79,1,3
44,30,5,2
120,58,2,3
46,29,1,2
59,35,2,2
31,19,1,1
52,30,1,2
31,17,2,1
30,18,2,1
43,26,2,2
40,24,2,2
36,15,1,1
31,19,1,1
38,19,1,1
37,34,5,1
54,54,1,2
41,27,5,2
46,19,2,1
54,32,1,2
38,19,1,1
29,17,2,1
54,30,1,2
45,45,4,1
77,45,1,3
52,30,1,2
44,28,1,2
32,21,1,1
90,61,2,4
77,45,1,3
54,32,1,2
32,18,1,1
58,30,1,2
40,20,1,1
37,19,1,1
42,29,2,2
44,28,2,2
63,38,1,3
34,32,1,1
32,18,1,1
58,44,1,3
38,19,1,1
56,32,1,2
45,28,1,2
73,37,4,2
36,36,6,1
32,19,1,1
74,74,4,2
47,31,5,2
41,41,1,1
47,18,1,1
38,19,1,1
48,33,1,2
56,29,1,2
45,30,1,2
59,44,1,3
35,16,2,1
54,36,1,3
38,18,1,1
50,50,1,2
143,78,4,3
45,27,1,2
53,53,6,2
45,45,1,3
44,18,1,1
53,53,4,2
36,16,1,1
51,30,2,2
34,19,5,1
61,39,1,3
36,18,2,1
58,32,1,2
32,18,1,1
38,20,1,1
35,14,1,1
44,28,5,2
46,46,1,1
75,42,1,3
42,41,2,2
36,19,1,1
50,33,1,3
143,117,6,1
52,30,1,2
53,53,1,2
56,35,2,2
94,92,4,3
57,42,2,3
69,44,2,3
51,33,1,3
61,58,2,2
51,51,1,2
51,31,1,2
37,19,1,1
66,44,5,3
73,47,1,3
39,22,1,2
55,30,2,2
59,45,5,3
50,30,1,2
24,13,1,1
58,32,1,2
38,19,1,1
76,43,1,3
35,20,1,1
35,14,1,1
62,36,2,2
56,35,5,2
41,20,1,1
55,55,6,1
39,22,5,2
46,44,1,1
44,26,2,2
73,43,1,3
44,28,1,2
37,22,1,2
29,16,2,1
32,16,2,1
43,17,4,1
42,38,1,1
31,19,1,1
40,26,2,2
68,41,1,3
39,39,1,1
72,43,1,3
110,78,2,4
44,28,1,2
77,50,2,3
38,19,1,1
37,21,5,2
84,48,4,3
79,44,1,3
46,27,1,2
55,41,2,3
62,37,1,3
70,48,2,3
42,21,1,1
44,28,1,2
32,18,1,1
82,82,1,3
74,45,1,3
38,19,1,1
51,51,1,2
39,39,4,1
37,22,5,2
59,41,1,3
54,30,1,2
51,46,1,1
54,28,5,2
38,22,5,2
59,41,1,3
38,22,5,2
45,28,1,2
64,33,1,2
42,29,2,2
136,99,2,4
90,55,1,4
62,32,1,2
51,30,1,2
70,49,1,4
60,33,1,2
35,14,1,1
44,16,1,1
58,32,1,2
77,44,1,3
75,46,1,3
31,17,5,1
46,30,1,2
59,42,1,3
39,21,1,1
60,60,4,2
64,41,2,3
41,26,2,2
36,22,1,2
58,33,1,2
42,28,2,2
43,43,1,1
59,58,1,2
43,26,2,2
52,30,1,2
39,25,2,2
31,19,2,1
44,28,2,2
100,96,2,3
47,31,1,2
74,42,6,2
50,30,1,2
33,18,2,1
53,30,1,2
37,19,1,1
59,32,1,2
44,29,2,2
38,19,1,1
50,33,1,3
40,27,2,2
59,43,4,3
72,72,6,2
36,14,1,1
31,19,5,1
77,45,1,3
47,30,4,2
37,19,1,1
46,30,1,2
45,29,1,2
59,44,1,3
61,61,1,2
54,31,2,2
77,45,1,3
58,33,1,2
41,20,1,1
45,42,1,1
39,23,5,2
57,33,1,2
47,30,1,2
44,28,1,1
80,44,2,3
40,38,4,1
78,78,1,3
46,30,1,2
39,20,1,1
53,39,4,3
52,31,1,1
50,33,1,3
84,50,1,3
41,19,1,1
51,30,1,2
56,35,2,2
32,18,1,1
41,22,5,2
79,41,4,3
51,30,1,2
17,10,2,1
38,23,5,2
32,20,1,1
61,35,2,2
32,17,1,1
48,48,1,1
78,77,1,3
51,31,1,2
62,39,1,3
72,42,1,3
38,20,1,1
28,17,1,1
54,30,1,2
71,71,1,2
51,30,1,2
30,18,1,1
59,33,1,2
32,16,2,1
46,18,6,1
47,28,1,2
102,69,4,3
60,39,1,3
100,60,4,3
44,28,1,2
57,57,1,2
35,15,2,1
39,21,1,1
44,43,5,2
86,49,1,3
45,28,5,2
74,43,1,3
62,36,1,3
73,35,1,2
77,77,1,3
53,28,1,2
31,19,2,1
81,47,1,3
71,39,1,3
39,18,1,1
76,51,2,3
77,51,2,3
76,45,1,3
60,34,1,2
39,19,1,1
37,19,2,1
93,57,2,3
51,30,1,2
55,55,1,2
64,64,1,2
50,34,1,3
66,66,2,3
82,82,1,3
45,27,1,2
60,38,1,3
38,19,1,1
38,18,1,1
77,75,4,3
38,19,1,1
45,32,5,2
41,27,2,2
30,18,2,1
59,43,1,3
49,34,1,3
77,75,1,3
39,39,1,1
40,26,2,2
47,35,1,2
35,19,1,1
30,18,2,1
86,55,2,3
35,21,2,2
41,21,1,1
41,20,4,1
62,36,1,3
32,19,1,1
53,32,2,2
42,27,2,2
45,27,1,2
80,77,1,3
63,48,2,3
54,30,1,2
29,29,1,1
39,19,5,1
77,45,1,3
44,29,1,2
59,38,1,3
68,35,1,2
55,33,2,2
37,37,1,1
43,31,1,2
53,32,1,2
50,29,1,2
40,20,1,1
34,19,5,1
36,20,5,1
66,43,5,3
55,37,1,3
48,43,4,1
49,17,1,1
51,30,1,2
40,40,2,1
62,33,1,1
35,19,2,1
57,38,2,3
37,18,1,1
63,33,1,2
40,18,1,1
54,32,1,2
38,19,1,1
51,30,1,2
120,63,4,3
60,44,1,3
43,20,1,1
56,37,1,3
45,30,1,2
40,24,2,2
32,16,6,1
38,23,5,2
52,34,1,3
44,28,2,2
34,19,5,2
38,20,1,1
40,40,1,1
71,42,1,3
84,47,4,3
58,58,1,2
43,19,1,1
36,22,1,2
75,44,1,3
58,34,1,2
29,17,2,1
55,32,5,2
39,19,1,1
38,20,1,1
46,17,2,1
38,19,1,1
62,31,1,2
48,28,5,2
64,64,1,2
35,19,1,1
34,19,1,1
59,35,2,2
58,33,1,2
38,19,1,1
92,48,1,2
53,31,1,2
44,27,1,2
19,13,1,1
58,34,1,2
40,24,1,2
40,19,2,1
38,22,5,2
54,32,1,2
56,37,1,3
37,18,1,1
42,27,1,2
58,39,1,3
29,29,6,1
58,32,1,2
37,18,1,1
42,20,1,1
45,30,5,2
71,51,2,3
44,27,2,2
48,48,6,1
38,23,5,2
66,36,1,2
71,46,2,3
46,30,5,2
42,20,2,1
37,18,2,1
76,44,1,3
39,23,5,2
59,37,2,2
39,38,1,1
60,37,1,3
81,81,1,3
50,36,2,3
144,113,4,3
34,27,1,1
46,30,1,2
73,43,1,3
77,44,1,3
54,32,1,2
76,37,6,2
41,20,1,1
44,29,1,2
42,17,1,1
60,34,1,2
35,19,1,1
34,20,2,1
45,28,5,2
79,51,2,3
67,67,4,1
41,41,4,1
43,28,2,2
59,59,1,2
95,64,1,4
48,48,1,1
38,38,1,1
31,19,1,1
43,28,1,2
40,17,2,1
39,16,4,1
41,17,6,1
32,20,5,1
51,30,1,2
59,30,1,2
41,23,5,2
64,38,1,3
70,42,1,3
37,37,1,1
55,27,4,2
75,45,1,3
35,19,1,1
32,18,1,1
55,37,1,3
77,77,1,3
123,67,4,3
79,79,1,3
45,28,1,2
35,19,1,1
78,46,1,3
54,33,2,2
80,45,1,3
49,34,1,3
56,40,2,3
77,46,1,3
32,17,2,1
44,27,1,2
76,44,1,3
32,18,1,1
57,43,2,3
79,41,4,3
43,30,2,2
30,18,2,1
36,19,1,1
97,46,4,3
57,35,2,2
47,47,1,1
64,36,2,2
74,51,2,3
65,47,5,3
43,27,2,2
45,29,2,2
29,27,1,1
38,38,4,1
43,25,1,2
85,44,1,3
39,39,1,1
34,34,1,1
34,18,5,1
65,41,1,3
138,89,2,1
31,21,5,1
56,40,2,3
57,42,2,3
84,52,1,3
33,20,1,1
31,16,5,1
48,31,1,2
73,43,1,3
45,28,1,2
94,66,2,3
43,28,2,2
47,28,1,2
31,21,5,1
86,52,2,3
40,27,2,2
32,19,1,1
114,65,1,3
45,29,1,2
66,36,6,2
51,51,1,2
53,34,1,2
51,30,1,2
62,62,1,2
46,18,2,1
50,50,1,1
37,37,1,1
38,20,1,1
74,50,2,3
43,26,2,2
77,52,2,3
30,18,2,1
62,34,1,2
40,36,4,1
57,57,4,2
63,46,1,3
67,40,1,2
81,42,1,3
30,19,1,1
134,134,5,3
36,20,1,1
76,43,1,3
38,18,1,1
35,19,1,1
68,43,5,3
47,47,1,1
60,43,1,3
63,35,6,2
74,45,1,3
112,112,1,3
637,637,4,2
78,77,1,3
48,30,2,2
38,18,1,1
48,45,4,2
60,44,1,3
37,19,1,1
40,23,5,2
38,23,1,2
55,55,1,2
40,25,1,2
56,30,4,2
114,77,2,4
44,29,1,2
48,19,4,1
82,55,2,3
45,19,1,1
40,40,1,1
37,22,5,2
59,36,2,2
61,37,1,3
45,30,1,2
37,19,1,1
62,37,1,3
36,20,5,1
60,60,1,1
31,19,1,1
64,44,2,3
39,23,5,2
51,30,1,2
44,28,5,2
54,54,1,1
32,18,1,1
39,20,1,1
53,33,1,3
38,23,5,2
38,19,1,1
56,29,1,2
43,28,2,2
43,27,1,2
65,41,2,2
61,61,4,2
56,40,2,3
117,70,1,4
35,20,5,1
41,24,1,2
34,19,5,1
82,47,1,3
59,38,1,3
87,51,4,3
26,14,1,1
25,15,2,1
45,27,1,2
58,34,1,3
42,18,1,1
76,46,1,3
34,14,1,1
71,44,2,3
45,19,2,1
51,30,1,2
77,44,1,3
48,31,1,2
41,41,1,1
32,20,1,1
38,23,1,2
39,17,4,1
41,21,1,1
60,42,1,3
60,39,2,3
45,28,1,2
41,23,1,2
38,17,1,1
61,42,1,3
53,30,1,2
46,28,5,2
42,25,1,2
35,19,5,1
41,18,2,1
35,19,1,1
36,22,2,2
41,23,5,2
59,22,2,1
80,80,1,3
78,78,2,3
35,20,5,1
55,30,1,2
65,64,6,3
39,21,1,1
37,19,1,1
34,19,5,1
61,38,1,3
69,33,2,2
32,20,1,1
66,44,1,3
82,47,1,3
36,22,5,2
37,37,1,1
46,30,1,2
118,67,4,3
38,20,1,1
82,48,1,3
54,32,1,2
101,101,1,3
72,72,1,3
42,26,1,2
51,30,1,2
58,31,1,2
85,49,1,3
81,42,1,3
61,40,6,2
51,34,2,2
30,18,2,1
51,51,1,1
36,19,5,1
31,21,1,1
63,63,1,2
51,11,1,2
37,22,1,2
82,82,2,2
32,21,5,1
42,18,1,1
43,28,2,2
14,10,2,1
38,15,1,1
53,32,1,2
32,18,1,1
61,61,1,2
61,30,1,2
47,42,6,1
55,34,2,2
40,40,1,1
39,22,5,2
52,28,5,2
44,28,1,1
51,30,1,2
62,45,1,3
47,30,1,2
37,19,5,1
64,39,1,3
34,20,5,1
47,30,2,2
42,17,1,1
51,33,2,2
48,33,5,3
34,21,2,2
82,54,1,3
60,42,1,2
64,64,4,2
65,65,1,2
76,45,1,3
53,30,1,2
44,28,2,2
55,55,6,2
44,27,2,2
43,28,2,2
32,21,1,1
61,61,1,2
54,28,1,2
38,18,1,1
51,30,1,2
41,19,2,1
33,14,1,1
102,102,1,3
36,36,2,2
62,59,1,2
44,16,1,1
63,33,1,2
91,62,2,3
54,30,1,2
52,52,1,2
76,45,1,3
37,18,1,1
42,28,2,2
75,45,1,3
71,42,1,3
53,30,1,2
41,20,1,1
72,49,2,3
79,45,1,3
77,39,6,2
31,18,2,1
33,20,1,1
53,30,1,2
48,30,1,2
63,44,1,3
38,22,1,2
54,32,1,2
37,22,5,2
37,19,1,1
42,19,6,1
60,33,4,2
43,29,2,2
41,25,2,2
44,27,1,2
48,48,1,1
67,36,6,2
34,15,1,1
55,32,1,2
90,48,1,3
40,18,6,1
71,58,1,2
82,82,5,3
73,44,1,3
43,19,4,1
52,20,2,1
38,19,1,1
99,64,1,4
32,21,5,1
32,20,1,1
40,21,1,1
32,18,1,1
55,39,2,3
66,33,6,2
42,27,2,2
69,41,2,3
57,35,2,2
44,28,1,2
75,46,1,3
54,30,1,2
37,19,5,1
45,30,1,2
52,30,1,2
51,30,1,2
33,19,1,1
45,28,1,2
79,55,2,3
38,20,1,1
38,19,2,1
63,43,1,3
39,17,1,1
42,28,2,2
64,45,1,3
33,19,1,1
60,40,4,2
38,19,5,1
84,45,1,3
48,42,1,1
53,30,1,2
38,19,1,1
35,18,1,1
41,25,2,2
77,44,1,3
44,29,2,2
51,30,1,2
44,29,1,2
37,22,5,2
52,27,4,2
38,24,2,2
43,43,1,1
77,77,1,3
39,19,5,1
32,21,1,1
43,31,1,2
58,43,1,3
54,28,1,2
38,38,1,1
102,102,1,3
50,30,1,2
43,27,2,2
66,42,2,3
58,37,1,3
74,51,2,4
30,18,2,1
45,29,1,2
95,52,4,3
58,36,1,3
62,40,1,3
50,35,1,3
37,19,1,1
45,26,1,2
107,107,6,3
34,19,1,1
65,38,1,3
68,46,5,3
60,60,1,2
45,45,6,3
77,46,1,3
38,20,1,1
38,18,1,1
36,22,5,2
59,44,1,3
68,44,1,3
117,117,1,3
61,35,1,2
64,64,4,2
36,19,1,1
41,22,5,2
46,31,5,2
34,34,1,1
58,30,1,2
32,16,2,1
39,37,6,1
42,18,1,1
59,43,1,3
104,65,4,3
45,29,1,2
101,91,4,1
74,47,5,3
45,29,2,2
42,42,1,1
56,34,2,2
75,45,1,3
45,28,1,2
83,45,1,3
32,16,1,1
45,30,1,2
68,43,1,4
64,43,1,3
37,22,5,2
37,22,5,2
74,45,1,3
51,28,5,2
38,19,1,1
41,17,1,1
59,31,6,2
53,29,1,2
41,18,6,1
43,25,5,2
44,30,5,2
46,18,1,1
42,28,1,2
76,44,2,3
20,12,2,1
65,43,2,3
33,18,1,1
81,39,5,2
64,38,1,3
43,26,2,2
32,18,1,1
129,84,6,3
63,36,2,2
56,56,4,2
43,43,1,1
56,38,1,3
83,48,1,3
60,34,1,2
60,31,4,2
45,28,1,2
56,31,2,2
76,33,6,2
67,67,4,3
52,30,1,2
32,18,1,1
44,26,5,2
32,18,5,1
57,27,4,2
50,34,1,3
49,29,1,2
35,14,1,1
29,27,1,1
38,21,1,1
61,31,1,2
